case,target,family,name,matches,total_rows,exact,key_count,notes
ex286,pair_count_0,single,p3:clip2,4037,8192,0,3,buckets=8; selectors=raw3:raw10:xor6_7
ex286,pair_count_0,single,p3:v,4037,8192,0,4,buckets=8; selectors=raw3:raw10:xor6_7
ex286,pair_count_0,single,p3:mod3,4017,8192,0,3,buckets=8; selectors=raw3:raw10:xor6_7
ex286,pair_count_0,single,p5:clip2,4009,8192,0,3,buckets=8; selectors=raw3:raw10:xor6_7
ex286,pair_count_0,single,p4:clip2,4009,8192,0,3,buckets=8; selectors=raw3:raw10:xor6_7
ex286,pair_count_0,single,p5:v,4009,8192,0,4,buckets=8; selectors=raw3:raw10:xor6_7
ex286,pair_count_0,single,p4:v,4009,8192,0,4,buckets=8; selectors=raw3:raw10:xor6_7
ex286,pair_count_0,single,p6:v,4002,8192,0,4,buckets=8; selectors=raw3:raw10:xor6_7
ex286,pair_count_0,single,mx3_6:v,4001,8192,0,4,buckets=8; selectors=raw3:raw10:xor6_7
ex286,pair_count_0,single,sc1_3:v,3999,8192,0,3,buckets=8; selectors=raw3:raw10:xor6_7
ex286,pair_count_0,single,sc1_3:mod3,3999,8192,0,3,buckets=8; selectors=raw3:raw10:xor6_7
ex286,pair_count_0,single,sc1_3:clip2,3999,8192,0,3,buckets=8; selectors=raw3:raw10:xor6_7
ex286,pair_count_0,pair,p3:p5,4108,8192,0,9,buckets=8; selectors=raw3:raw10:xor6_7
ex286,pair_count_0,pair,p3:mx3_6,4107,8192,0,16,buckets=8; selectors=raw3:raw10:xor6_7
ex286,pair_count_0,pair,p5:mx3_6,4105,8192,0,16,buckets=8; selectors=raw3:raw10:xor6_7
ex286,pair_count_0,pair,mx3_6:p5,4105,8192,0,16,buckets=8; selectors=raw3:raw10:xor6_7
ex286,pair_count_0,pair,p4:mx3_6,4093,8192,0,16,buckets=8; selectors=raw3:raw10:xor6_7
ex286,pair_count_0,pair,mx3_6:p4,4093,8192,0,16,buckets=8; selectors=raw3:raw10:xor6_7
ex286,pair_count_0,pair,p4:sc3_7,4083,8192,0,12,buckets=8; selectors=raw3:raw10:xor6_7
ex286,pair_count_0,pair,p3:sc3_7,4083,8192,0,12,buckets=8; selectors=raw3:raw10:xor6_7
ex286,pair_count_0,pair,p3:mx3_7,4083,8192,0,12,buckets=8; selectors=raw3:raw10:xor6_7
ex286,pair_count_0,pair,mx3_6:mx1_3,4080,8192,0,10,buckets=8; selectors=raw3:raw10:xor6_7
ex286,pair_count_0,pair,mx3_6:sc1_3,4080,8192,0,11,buckets=8; selectors=raw3:raw10:xor6_7
ex286,pair_count_0,pair,sc3_7:p5,4080,8192,0,12,buckets=8; selectors=raw3:raw10:xor6_7
ex286,pair_count_1,single,p2:clip2,4303,8192,0,3,buckets=8; selectors=raw3:raw10:xor6_7
ex286,pair_count_1,single,p2:v,4303,8192,0,4,buckets=8; selectors=raw3:raw10:xor6_7
ex286,pair_count_1,single,sc1_2:v,4272,8192,0,3,buckets=8; selectors=raw3:raw10:xor6_7
ex286,pair_count_1,single,sc1_2:mod3,4272,8192,0,3,buckets=8; selectors=raw3:raw10:xor6_7
ex286,pair_count_1,single,sc1_2:clip2,4272,8192,0,3,buckets=8; selectors=raw3:raw10:xor6_7
ex286,pair_count_1,single,mx1_2:v,4272,8192,0,3,buckets=8; selectors=raw3:raw10:xor6_7
ex286,pair_count_1,single,mx1_2:mod3,4272,8192,0,3,buckets=8; selectors=raw3:raw10:xor6_7
ex286,pair_count_1,single,mx1_2:clip2,4272,8192,0,3,buckets=8; selectors=raw3:raw10:xor6_7
ex286,pair_count_1,single,sc0_2:v,4254,8192,0,3,buckets=8; selectors=raw3:raw10:xor6_7
ex286,pair_count_1,single,sc0_2:mod3,4254,8192,0,3,buckets=8; selectors=raw3:raw10:xor6_7
ex286,pair_count_1,single,sc0_2:clip2,4254,8192,0,3,buckets=8; selectors=raw3:raw10:xor6_7
ex286,pair_count_1,single,mx0_2:v,4254,8192,0,3,buckets=8; selectors=raw3:raw10:xor6_7
ex286,pair_count_1,pair,sc1_2:p3,4362,8192,0,9,buckets=8; selectors=raw3:raw10:xor6_7
ex286,pair_count_1,pair,mx1_2:p3,4362,8192,0,9,buckets=8; selectors=raw3:raw10:xor6_7
ex286,pair_count_1,pair,sc1_2:p4,4353,8192,0,9,buckets=8; selectors=raw3:raw10:xor6_7
ex286,pair_count_1,pair,mx1_2:p4,4353,8192,0,9,buckets=8; selectors=raw3:raw10:xor6_7
ex286,pair_count_1,pair,p2:mx2_7,4351,8192,0,11,buckets=8; selectors=raw3:raw10:xor6_7
ex286,pair_count_1,pair,p2:p3,4335,8192,0,9,buckets=8; selectors=raw3:raw10:xor6_7
ex286,pair_count_1,pair,p2:mx1_2,4328,8192,0,7,buckets=8; selectors=raw3:raw10:xor6_7
ex286,pair_count_1,pair,p2:mx0_2,4328,8192,0,7,buckets=8; selectors=raw3:raw10:xor6_7
ex286,pair_count_1,pair,p2:p5,4323,8192,0,10,buckets=8; selectors=raw3:raw10:xor6_7
ex286,pair_count_1,pair,p2:sc2_7,4323,8192,0,11,buckets=8; selectors=raw3:raw10:xor6_7
ex286,pair_count_1,pair,p2:p2,4303,8192,0,4,buckets=8; selectors=raw3:raw10:xor6_7
ex286,pair_count_1,pair,mx1_2:mx0_2,4303,8192,0,5,buckets=8; selectors=raw3:raw10:xor6_7
ex286,pair_count_2,single,sc0_3:v,4523,8192,0,3,buckets=8; selectors=raw3:raw10:xor6_7
ex286,pair_count_2,single,sc0_3:mod3,4523,8192,0,3,buckets=8; selectors=raw3:raw10:xor6_7
ex286,pair_count_2,single,sc0_3:clip2,4523,8192,0,3,buckets=8; selectors=raw3:raw10:xor6_7
ex286,pair_count_2,single,mx0_3:v,4523,8192,0,3,buckets=8; selectors=raw3:raw10:xor6_7
ex286,pair_count_2,single,mx0_3:mod3,4523,8192,0,3,buckets=8; selectors=raw3:raw10:xor6_7
ex286,pair_count_2,single,mx0_3:clip2,4523,8192,0,3,buckets=8; selectors=raw3:raw10:xor6_7
ex286,pair_count_2,single,sc3_4:v,4468,8192,0,3,buckets=8; selectors=raw3:raw10:xor6_7
ex286,pair_count_2,single,sc3_4:mod3,4468,8192,0,3,buckets=8; selectors=raw3:raw10:xor6_7
ex286,pair_count_2,single,sc3_4:clip2,4468,8192,0,3,buckets=8; selectors=raw3:raw10:xor6_7
ex286,pair_count_2,single,mx3_4:v,4468,8192,0,3,buckets=8; selectors=raw3:raw10:xor6_7
ex286,pair_count_2,single,mx3_4:mod3,4468,8192,0,3,buckets=8; selectors=raw3:raw10:xor6_7
ex286,pair_count_2,single,mx3_4:clip2,4468,8192,0,3,buckets=8; selectors=raw3:raw10:xor6_7
ex286,pair_count_2,pair,sc0_3:s3,4559,8192,0,11,buckets=8; selectors=raw3:raw10:xor6_7
ex286,pair_count_2,pair,sc0_3:sc3_6,4554,8192,0,8,buckets=8; selectors=raw3:raw10:xor6_7
ex286,pair_count_2,pair,mx0_3:sc3_6,4552,8192,0,7,buckets=8; selectors=raw3:raw10:xor6_7
ex286,pair_count_2,pair,mx0_3:s3,4541,8192,0,10,buckets=8; selectors=raw3:raw10:xor6_7
ex286,pair_count_2,pair,sc0_3:p3,4538,8192,0,9,buckets=8; selectors=raw3:raw10:xor6_7
ex286,pair_count_2,pair,mx0_3:p3,4538,8192,0,9,buckets=8; selectors=raw3:raw10:xor6_7
ex286,pair_count_2,pair,mx0_3:mx3_4,4529,8192,0,5,buckets=8; selectors=raw3:raw10:xor6_7
ex286,pair_count_2,pair,sc0_3:mx3_4,4529,8192,0,6,buckets=8; selectors=raw3:raw10:xor6_7
ex286,pair_count_2,pair,mx0_3:sc3_4,4529,8192,0,6,buckets=8; selectors=raw3:raw10:xor6_7
ex286,pair_count_2,pair,sc0_3:sc3_4,4529,8192,0,7,buckets=8; selectors=raw3:raw10:xor6_7
ex286,pair_count_2,pair,sc0_3:sc0_3,4523,8192,0,3,buckets=8; selectors=raw3:raw10:xor6_7
ex286,pair_count_2,pair,mx0_3:mx0_3,4523,8192,0,3,buckets=8; selectors=raw3:raw10:xor6_7
ex286,pair_count_3,single,mn6_7:v,4400,8192,0,3,buckets=8; selectors=raw3:raw10:xor6_7
ex286,pair_count_3,single,mn6_7:mod3,4400,8192,0,3,buckets=8; selectors=raw3:raw10:xor6_7
ex286,pair_count_3,single,mn6_7:clip2,4400,8192,0,3,buckets=8; selectors=raw3:raw10:xor6_7
ex286,pair_count_3,single,s7:v,4352,8192,0,3,buckets=8; selectors=raw3:raw10:xor6_7
ex286,pair_count_3,single,s7:mod3,4352,8192,0,3,buckets=8; selectors=raw3:raw10:xor6_7
ex286,pair_count_3,single,s7:clip2,4352,8192,0,3,buckets=8; selectors=raw3:raw10:xor6_7
ex286,pair_count_3,single,mx4_7:v,4352,8192,0,3,buckets=8; selectors=raw3:raw10:xor6_7
ex286,pair_count_3,single,mx4_7:mod3,4352,8192,0,3,buckets=8; selectors=raw3:raw10:xor6_7
ex286,pair_count_3,single,mx4_7:clip2,4352,8192,0,3,buckets=8; selectors=raw3:raw10:xor6_7
ex286,pair_count_3,single,c7:v,4352,8192,0,3,buckets=8; selectors=raw3:raw10:xor6_7
ex286,pair_count_3,single,c7:mod3,4352,8192,0,3,buckets=8; selectors=raw3:raw10:xor6_7
ex286,pair_count_3,single,c7:clip2,4352,8192,0,3,buckets=8; selectors=raw3:raw10:xor6_7
ex286,pair_count_3,pair,mn6_7:mx3_6,4552,8192,0,9,buckets=8; selectors=raw3:raw10:xor6_7
ex286,pair_count_3,pair,s7:mx3_6,4544,8192,0,12,buckets=8; selectors=raw3:raw10:xor6_7
ex286,pair_count_3,pair,c7:mx3_6,4544,8192,0,12,buckets=8; selectors=raw3:raw10:xor6_7
ex286,pair_count_3,pair,s7:c6,4512,8192,0,12,buckets=8; selectors=raw3:raw10:xor6_7
ex286,pair_count_3,pair,c7:c6,4512,8192,0,12,buckets=8; selectors=raw3:raw10:xor6_7
ex286,pair_count_3,pair,s7:mx4_6,4496,8192,0,12,buckets=8; selectors=raw3:raw10:xor6_7
ex286,pair_count_3,pair,c7:mx4_6,4496,8192,0,12,buckets=8; selectors=raw3:raw10:xor6_7
ex286,pair_count_3,pair,mx4_7:mx3_6,4488,8192,0,12,buckets=8; selectors=raw3:raw10:xor6_7
ex286,pair_count_3,pair,mn6_7:mx4_6,4480,8192,0,9,buckets=8; selectors=raw3:raw10:xor6_7
ex286,pair_count_3,pair,mn6_7:c6,4480,8192,0,9,buckets=8; selectors=raw3:raw10:xor6_7
ex286,pair_count_3,pair,mn6_7:s3,4464,8192,0,7,buckets=8; selectors=raw3:raw10:xor6_7
ex286,pair_count_3,pair,mx3_6:mx5_7,4456,8192,0,12,buckets=8; selectors=raw3:raw10:xor6_7
ex286,pair_count_4,single,p2:v,3965,8192,0,4,buckets=8; selectors=raw3:raw10:xor6_7
ex286,pair_count_4,single,p5:mod3,3909,8192,0,3,buckets=8; selectors=raw3:raw10:xor6_7
ex286,pair_count_4,single,p5:v,3909,8192,0,4,buckets=8; selectors=raw3:raw10:xor6_7
ex286,pair_count_4,single,s3:v,3881,8192,0,4,buckets=8; selectors=raw3:raw10:xor6_7
ex286,pair_count_4,single,p2:clip2,3870,8192,0,3,buckets=8; selectors=raw3:raw10:xor6_7
ex286,pair_count_4,single,s3:mod3,3865,8192,0,3,buckets=8; selectors=raw3:raw10:xor6_7
ex286,pair_count_4,single,sc5_6:v,3861,8192,0,3,buckets=8; selectors=raw3:raw10:xor6_7
ex286,pair_count_4,single,sc5_6:mod3,3861,8192,0,3,buckets=8; selectors=raw3:raw10:xor6_7
ex286,pair_count_4,single,sc5_6:clip2,3861,8192,0,3,buckets=8; selectors=raw3:raw10:xor6_7
ex286,pair_count_4,single,mx5_6:clip2,3861,8192,0,3,buckets=8; selectors=raw3:raw10:xor6_7
ex286,pair_count_4,single,mx5_6:v,3861,8192,0,4,buckets=8; selectors=raw3:raw10:xor6_7
ex286,pair_count_4,single,s5:clip2,3848,8192,0,3,buckets=8; selectors=raw3:raw10:xor6_7
ex286,pair_count_4,pair,p2:sc5_6,4120,8192,0,12,buckets=8; selectors=raw3:raw10:xor6_7
ex286,pair_count_4,pair,p2:s5,4092,8192,0,16,buckets=8; selectors=raw3:raw10:xor6_7
ex286,pair_count_4,pair,p2:s4,4084,8192,0,16,buckets=8; selectors=raw3:raw10:xor6_7
ex286,pair_count_4,pair,s3:p2,4079,8192,0,16,buckets=8; selectors=raw3:raw10:xor6_7
ex286,pair_count_4,pair,p2:s3,4079,8192,0,16,buckets=8; selectors=raw3:raw10:xor6_7
ex286,pair_count_4,pair,p2:mx5_6,4077,8192,0,16,buckets=8; selectors=raw3:raw10:xor6_7
ex286,pair_count_4,pair,p2:sc5_7,4035,8192,0,12,buckets=8; selectors=raw3:raw10:xor6_7
ex286,pair_count_4,pair,p5:p2,4033,8192,0,10,buckets=8; selectors=raw3:raw10:xor6_7
ex286,pair_count_4,pair,p2:p5,4033,8192,0,10,buckets=8; selectors=raw3:raw10:xor6_7
ex286,pair_count_4,pair,p2:mx5_7,4020,8192,0,12,buckets=8; selectors=raw3:raw10:xor6_7
ex286,pair_count_4,pair,p2:p4,3994,8192,0,10,buckets=8; selectors=raw3:raw10:xor6_7
ex286,pair_count_4,pair,p2:p2,3965,8192,0,4,buckets=8; selectors=raw3:raw10:xor6_7
ex286,pair_count_5,single,p2:clip2,4303,8192,0,3,buckets=8; selectors=raw3:raw10:xor6_7
ex286,pair_count_5,single,p2:v,4303,8192,0,4,buckets=8; selectors=raw3:raw10:xor6_7
ex286,pair_count_5,single,sc1_2:v,4272,8192,0,3,buckets=8; selectors=raw3:raw10:xor6_7
ex286,pair_count_5,single,sc1_2:mod3,4272,8192,0,3,buckets=8; selectors=raw3:raw10:xor6_7
ex286,pair_count_5,single,sc1_2:clip2,4272,8192,0,3,buckets=8; selectors=raw3:raw10:xor6_7
ex286,pair_count_5,single,mx1_2:v,4272,8192,0,3,buckets=8; selectors=raw3:raw10:xor6_7
ex286,pair_count_5,single,mx1_2:mod3,4272,8192,0,3,buckets=8; selectors=raw3:raw10:xor6_7
ex286,pair_count_5,single,mx1_2:clip2,4272,8192,0,3,buckets=8; selectors=raw3:raw10:xor6_7
ex286,pair_count_5,single,sc0_2:v,4254,8192,0,3,buckets=8; selectors=raw3:raw10:xor6_7
ex286,pair_count_5,single,sc0_2:mod3,4254,8192,0,3,buckets=8; selectors=raw3:raw10:xor6_7
ex286,pair_count_5,single,sc0_2:clip2,4254,8192,0,3,buckets=8; selectors=raw3:raw10:xor6_7
ex286,pair_count_5,single,mx0_2:v,4254,8192,0,3,buckets=8; selectors=raw3:raw10:xor6_7
ex286,pair_count_5,pair,p2:s3,4359,8192,0,16,buckets=8; selectors=raw3:raw10:xor6_7
ex286,pair_count_5,pair,p2:s2,4355,8192,0,15,buckets=8; selectors=raw3:raw10:xor6_7
ex286,pair_count_5,pair,p2:s1,4354,8192,0,13,buckets=8; selectors=raw3:raw10:xor6_7
ex286,pair_count_5,pair,sc1_2:p4,4353,8192,0,9,buckets=8; selectors=raw3:raw10:xor6_7
ex286,pair_count_5,pair,mx1_2:p4,4353,8192,0,9,buckets=8; selectors=raw3:raw10:xor6_7
ex286,pair_count_5,pair,sc1_2:p5,4351,8192,0,9,buckets=8; selectors=raw3:raw10:xor6_7
ex286,pair_count_5,pair,mx1_2:p5,4351,8192,0,9,buckets=8; selectors=raw3:raw10:xor6_7
ex286,pair_count_5,pair,p2:mx1_2,4328,8192,0,7,buckets=8; selectors=raw3:raw10:xor6_7
ex286,pair_count_5,pair,p2:mx0_2,4328,8192,0,7,buckets=8; selectors=raw3:raw10:xor6_7
ex286,pair_count_5,pair,p2:p6,4325,8192,0,10,buckets=8; selectors=raw3:raw10:xor6_7
ex286,pair_count_5,pair,sc1_2:s3,4320,8192,0,12,buckets=8; selectors=raw3:raw10:xor6_7
ex286,pair_count_5,pair,mx1_2:s3,4320,8192,0,12,buckets=8; selectors=raw3:raw10:xor6_7
ex286,pair_count_6,single,sc1_4:v,5679,8192,0,3,buckets=8; selectors=raw3:raw10:xor6_7
ex286,pair_count_6,single,sc1_4:mod3,5679,8192,0,3,buckets=8; selectors=raw3:raw10:xor6_7
ex286,pair_count_6,single,sc1_4:clip2,5679,8192,0,3,buckets=8; selectors=raw3:raw10:xor6_7
ex286,pair_count_6,single,mx1_4:v,5201,8192,0,2,buckets=8; selectors=raw3:raw10:xor6_7
ex286,pair_count_6,single,mx1_4:mod3,5201,8192,0,2,buckets=8; selectors=raw3:raw10:xor6_7
ex286,pair_count_6,single,mx1_4:clip2,5201,8192,0,2,buckets=8; selectors=raw3:raw10:xor6_7
ex286,pair_count_6,single,c5z:v,5037,8192,0,2,buckets=8; selectors=raw3:raw10:xor6_7
ex286,pair_count_6,single,c5z:mod3,5037,8192,0,2,buckets=8; selectors=raw3:raw10:xor6_7
ex286,pair_count_6,single,c5z:clip2,5037,8192,0,2,buckets=8; selectors=raw3:raw10:xor6_7
ex286,pair_count_6,single,c5ge1:v,5037,8192,0,2,buckets=8; selectors=raw3:raw10:xor6_7
ex286,pair_count_6,single,c5ge1:mod3,5037,8192,0,2,buckets=8; selectors=raw3:raw10:xor6_7
ex286,pair_count_6,single,c5ge1:clip2,5037,8192,0,2,buckets=8; selectors=raw3:raw10:xor6_7
ex286,pair_count_6,pair,sc1_4:sc3_5,5771,8192,0,9,buckets=8; selectors=raw3:raw10:xor6_7
ex286,pair_count_6,pair,sc1_4:mn5_7,5689,8192,0,6,buckets=8; selectors=raw3:raw10:xor6_7
ex286,pair_count_6,pair,sc1_4:sc1_4,5679,8192,0,3,buckets=8; selectors=raw3:raw10:xor6_7
ex286,pair_count_6,pair,sc1_4:mx1_4,5679,8192,0,3,buckets=8; selectors=raw3:raw10:xor6_7
ex286,pair_count_6,pair,sc1_4:mn5_6,5679,8192,0,6,buckets=8; selectors=raw3:raw10:xor6_7
ex286,pair_count_6,pair,sc1_4:c5z,5679,8192,0,6,buckets=8; selectors=raw3:raw10:xor6_7
ex286,pair_count_6,pair,sc1_4:c5ge1,5679,8192,0,6,buckets=8; selectors=raw3:raw10:xor6_7
ex286,pair_count_6,pair,sc1_4:c5,5679,8192,0,6,buckets=8; selectors=raw3:raw10:xor6_7
ex286,pair_count_6,pair,mx1_4:sc3_5,5303,8192,0,6,buckets=8; selectors=raw3:raw10:xor6_7
ex286,pair_count_6,pair,mx1_4:c5z,5293,8192,0,4,buckets=8; selectors=raw3:raw10:xor6_7
ex286,pair_count_6,pair,mx1_4:c5ge1,5293,8192,0,4,buckets=8; selectors=raw3:raw10:xor6_7
ex286,pair_count_6,pair,mx1_4:c5,5293,8192,0,4,buckets=8; selectors=raw3:raw10:xor6_7
ex287,pair_count_0,single,sc2_4:v,9107,16384,0,3,buckets=7; selectors=xor6_7:xor8_9:raw13:raw12
ex287,pair_count_0,single,sc2_4:mod3,9107,16384,0,3,buckets=7; selectors=xor6_7:xor8_9:raw13:raw12
ex287,pair_count_0,single,sc2_4:clip2,9107,16384,0,3,buckets=7; selectors=xor6_7:xor8_9:raw13:raw12
ex287,pair_count_0,single,s2:v,9009,16384,0,4,buckets=7; selectors=xor6_7:xor8_9:raw13:raw12
ex287,pair_count_0,single,s2:mod3,8998,16384,0,3,buckets=7; selectors=xor6_7:xor8_9:raw13:raw12
ex287,pair_count_0,single,s1:v,8947,16384,0,4,buckets=7; selectors=xor6_7:xor8_9:raw13:raw12
ex287,pair_count_0,single,p4:v,8947,16384,0,4,buckets=7; selectors=xor6_7:xor8_9:raw13:raw12
ex287,pair_count_0,single,s1:mod3,8940,16384,0,3,buckets=7; selectors=xor6_7:xor8_9:raw13:raw12
ex287,pair_count_0,single,p4:mod3,8940,16384,0,3,buckets=7; selectors=xor6_7:xor8_9:raw13:raw12
ex287,pair_count_0,single,mx2_4:clip2,8861,16384,0,3,buckets=7; selectors=xor6_7:xor8_9:raw13:raw12
ex287,pair_count_0,single,mx2_4:v,8861,16384,0,5,buckets=7; selectors=xor6_7:xor8_9:raw13:raw12
ex287,pair_count_0,single,p5:v,8847,16384,0,4,buckets=7; selectors=xor6_7:xor8_9:raw13:raw12
ex287,pair_count_0,pair,mx2_4:sc2_5,9224,16384,0,15,buckets=7; selectors=xor6_7:xor8_9:raw13:raw12
ex287,pair_count_0,pair,sc2_4:s2,9132,16384,0,9,buckets=7; selectors=xor6_7:xor8_9:raw13:raw12
ex287,pair_count_0,pair,sc2_4:sc2_5,9131,16384,0,9,buckets=7; selectors=xor6_7:xor8_9:raw13:raw12
ex287,pair_count_0,pair,sc2_4:s1,9121,16384,0,9,buckets=7; selectors=xor6_7:xor8_9:raw13:raw12
ex287,pair_count_0,pair,sc2_4:p4,9119,16384,0,9,buckets=7; selectors=xor6_7:xor8_9:raw13:raw12
ex287,pair_count_0,pair,sc2_4:s3,9113,16384,0,12,buckets=7; selectors=xor6_7:xor8_9:raw13:raw12
ex287,pair_count_0,pair,sc2_4:p5,9110,16384,0,9,buckets=7; selectors=xor6_7:xor8_9:raw13:raw12
ex287,pair_count_0,pair,sc2_4:sc2_4,9107,16384,0,3,buckets=7; selectors=xor6_7:xor8_9:raw13:raw12
ex287,pair_count_0,pair,sc2_4:mx2_4,9107,16384,0,6,buckets=7; selectors=xor6_7:xor8_9:raw13:raw12
ex287,pair_count_0,pair,sc2_4:s0,9107,16384,0,9,buckets=7; selectors=xor6_7:xor8_9:raw13:raw12
ex287,pair_count_0,pair,sc2_4:p6,9107,16384,0,9,buckets=7; selectors=xor6_7:xor8_9:raw13:raw12
ex287,pair_count_0,pair,s2:p4,9066,16384,0,16,buckets=7; selectors=xor6_7:xor8_9:raw13:raw12
ex287,pair_count_1,single,mx0_6:v,8848,16384,0,4,buckets=7; selectors=xor6_7:xor8_9:raw13:raw12
ex287,pair_count_1,single,mx0_1:v,8784,16384,0,4,buckets=7; selectors=xor6_7:xor8_9:raw13:raw12
ex287,pair_count_1,single,p0:v,8704,16384,0,4,buckets=7; selectors=xor6_7:xor8_9:raw13:raw12
ex287,pair_count_1,single,c0:v,8704,16384,0,4,buckets=7; selectors=xor6_7:xor8_9:raw13:raw12
ex287,pair_count_1,single,sc0_6:v,8688,16384,0,3,buckets=7; selectors=xor6_7:xor8_9:raw13:raw12
ex287,pair_count_1,single,sc0_6:mod3,8688,16384,0,3,buckets=7; selectors=xor6_7:xor8_9:raw13:raw12
ex287,pair_count_1,single,sc0_6:clip2,8688,16384,0,3,buckets=7; selectors=xor6_7:xor8_9:raw13:raw12
ex287,pair_count_1,single,mx0_6:clip2,8688,16384,0,3,buckets=7; selectors=xor6_7:xor8_9:raw13:raw12
ex287,pair_count_1,single,sc0_1:v,8624,16384,0,3,buckets=7; selectors=xor6_7:xor8_9:raw13:raw12
ex287,pair_count_1,single,sc0_1:mod3,8624,16384,0,3,buckets=7; selectors=xor6_7:xor8_9:raw13:raw12
ex287,pair_count_1,single,sc0_1:clip2,8624,16384,0,3,buckets=7; selectors=xor6_7:xor8_9:raw13:raw12
ex287,pair_count_1,single,p1:clip2,8624,16384,0,3,buckets=7; selectors=xor6_7:xor8_9:raw13:raw12
ex287,pair_count_1,pair,sc0_6:sc0_1,9408,16384,0,7,buckets=7; selectors=xor6_7:xor8_9:raw13:raw12
ex287,pair_count_1,pair,sc0_6:p1,9408,16384,0,8,buckets=7; selectors=xor6_7:xor8_9:raw13:raw12
ex287,pair_count_1,pair,sc0_6:mx0_1,9080,16384,0,7,buckets=7; selectors=xor6_7:xor8_9:raw13:raw12
ex287,pair_count_1,pair,mx0_1:sc0_6,9080,16384,0,7,buckets=7; selectors=xor6_7:xor8_9:raw13:raw12
ex287,pair_count_1,pair,mx0_6:mx0_1,9032,16384,0,6,buckets=7; selectors=xor6_7:xor8_9:raw13:raw12
ex287,pair_count_1,pair,mx0_1:mx0_6,9032,16384,0,6,buckets=7; selectors=xor6_7:xor8_9:raw13:raw12
ex287,pair_count_1,pair,mx0_6:sc0_1,9032,16384,0,7,buckets=7; selectors=xor6_7:xor8_9:raw13:raw12
ex287,pair_count_1,pair,mx0_6:p1,9032,16384,0,8,buckets=7; selectors=xor6_7:xor8_9:raw13:raw12
ex287,pair_count_1,pair,sc0_6:mx0_6,8896,16384,0,5,buckets=7; selectors=xor6_7:xor8_9:raw13:raw12
ex287,pair_count_1,pair,mx0_6:sc0_6,8896,16384,0,5,buckets=7; selectors=xor6_7:xor8_9:raw13:raw12
ex287,pair_count_1,pair,sc0_6:p0,8896,16384,0,6,buckets=7; selectors=xor6_7:xor8_9:raw13:raw12
ex287,pair_count_1,pair,sc0_6:c0,8896,16384,0,6,buckets=7; selectors=xor6_7:xor8_9:raw13:raw12
ex287,pair_count_2,single,c2z:v,8144,16384,0,2,buckets=7; selectors=xor6_7:xor8_9:raw13:raw12
ex287,pair_count_2,single,c2z:mod3,8144,16384,0,2,buckets=7; selectors=xor6_7:xor8_9:raw13:raw12
ex287,pair_count_2,single,c2z:clip2,8144,16384,0,2,buckets=7; selectors=xor6_7:xor8_9:raw13:raw12
ex287,pair_count_2,single,c2ge1:v,8144,16384,0,2,buckets=7; selectors=xor6_7:xor8_9:raw13:raw12
ex287,pair_count_2,single,c2ge1:mod3,8144,16384,0,2,buckets=7; selectors=xor6_7:xor8_9:raw13:raw12
ex287,pair_count_2,single,c2ge1:clip2,8144,16384,0,2,buckets=7; selectors=xor6_7:xor8_9:raw13:raw12
ex287,pair_count_2,single,c2:v,8144,16384,0,3,buckets=7; selectors=xor6_7:xor8_9:raw13:raw12
ex287,pair_count_2,single,c2:mod3,8144,16384,0,3,buckets=7; selectors=xor6_7:xor8_9:raw13:raw12
ex287,pair_count_2,single,c2:clip2,8144,16384,0,3,buckets=7; selectors=xor6_7:xor8_9:raw13:raw12
ex287,pair_count_2,single,sc2_6:v,8110,16384,0,3,buckets=7; selectors=xor6_7:xor8_9:raw13:raw12
ex287,pair_count_2,single,sc2_6:mod3,8110,16384,0,3,buckets=7; selectors=xor6_7:xor8_9:raw13:raw12
ex287,pair_count_2,single,sc2_6:clip2,8110,16384,0,3,buckets=7; selectors=xor6_7:xor8_9:raw13:raw12
ex287,pair_count_2,pair,sc2_3:sc0_2,8275,16384,0,8,buckets=7; selectors=xor6_7:xor8_9:raw13:raw12
ex287,pair_count_2,pair,sc2_6:sc0_2,8270,16384,0,8,buckets=7; selectors=xor6_7:xor8_9:raw13:raw12
ex287,pair_count_2,pair,sc2_3:p2,8261,16384,0,11,buckets=7; selectors=xor6_7:xor8_9:raw13:raw12
ex287,pair_count_2,pair,mx2_3:p2,8251,16384,0,10,buckets=7; selectors=xor6_7:xor8_9:raw13:raw12
ex287,pair_count_2,pair,mx2_6:sc0_2,8220,16384,0,7,buckets=7; selectors=xor6_7:xor8_9:raw13:raw12
ex287,pair_count_2,pair,mx2_3:sc0_2,8194,16384,0,7,buckets=7; selectors=xor6_7:xor8_9:raw13:raw12
ex287,pair_count_2,pair,mx2_6:p2,8190,16384,0,10,buckets=7; selectors=xor6_7:xor8_9:raw13:raw12
ex287,pair_count_2,pair,sc2_6:p2,8190,16384,0,11,buckets=7; selectors=xor6_7:xor8_9:raw13:raw12
ex287,pair_count_2,pair,c2z:p2,8163,16384,0,7,buckets=7; selectors=xor6_7:xor8_9:raw13:raw12
ex287,pair_count_2,pair,c2ge1:p2,8163,16384,0,7,buckets=7; selectors=xor6_7:xor8_9:raw13:raw12
ex287,pair_count_2,pair,c2:p2,8163,16384,0,9,buckets=7; selectors=xor6_7:xor8_9:raw13:raw12
ex287,pair_count_2,pair,mx2_6:mx2_3,8150,16384,0,5,buckets=7; selectors=xor6_7:xor8_9:raw13:raw12
ex287,pair_count_3,single,mn4_5:v,8736,16384,0,3,buckets=7; selectors=xor6_7:xor8_9:raw13:raw12
ex287,pair_count_3,single,mn4_5:mod3,8736,16384,0,3,buckets=7; selectors=xor6_7:xor8_9:raw13:raw12
ex287,pair_count_3,single,mn4_5:clip2,8736,16384,0,3,buckets=7; selectors=xor6_7:xor8_9:raw13:raw12
ex287,pair_count_3,single,sc3_6:v,8704,16384,0,3,buckets=7; selectors=xor6_7:xor8_9:raw13:raw12
ex287,pair_count_3,single,sc3_6:mod3,8704,16384,0,3,buckets=7; selectors=xor6_7:xor8_9:raw13:raw12
ex287,pair_count_3,single,sc3_6:clip2,8704,16384,0,3,buckets=7; selectors=xor6_7:xor8_9:raw13:raw12
ex287,pair_count_3,single,mx5_6:v,8704,16384,0,3,buckets=7; selectors=xor6_7:xor8_9:raw13:raw12
ex287,pair_count_3,single,mx5_6:mod3,8704,16384,0,3,buckets=7; selectors=xor6_7:xor8_9:raw13:raw12
ex287,pair_count_3,single,mx5_6:clip2,8704,16384,0,3,buckets=7; selectors=xor6_7:xor8_9:raw13:raw12
ex287,pair_count_3,single,mx3_5:v,8704,16384,0,3,buckets=7; selectors=xor6_7:xor8_9:raw13:raw12
ex287,pair_count_3,single,mx3_5:mod3,8704,16384,0,3,buckets=7; selectors=xor6_7:xor8_9:raw13:raw12
ex287,pair_count_3,single,mx3_5:clip2,8704,16384,0,3,buckets=7; selectors=xor6_7:xor8_9:raw13:raw12
ex287,pair_count_3,pair,sc3_6:c5,9216,16384,0,9,buckets=7; selectors=xor6_7:xor8_9:raw13:raw12
ex287,pair_count_3,pair,sc3_6:s5,9216,16384,0,10,buckets=7; selectors=xor6_7:xor8_9:raw13:raw12
ex287,pair_count_3,pair,mn4_5:sc3_6,9184,16384,0,9,buckets=7; selectors=xor6_7:xor8_9:raw13:raw12
ex287,pair_count_3,pair,sc3_6:mx5_6,9088,16384,0,8,buckets=7; selectors=xor6_7:xor8_9:raw13:raw12
ex287,pair_count_3,pair,sc3_6:mx3_5,9088,16384,0,8,buckets=7; selectors=xor6_7:xor8_9:raw13:raw12
ex287,pair_count_3,pair,mx5_6:sc2_4,8992,16384,0,9,buckets=7; selectors=xor6_7:xor8_9:raw13:raw12
ex287,pair_count_3,pair,mx3_5:sc2_4,8992,16384,0,9,buckets=7; selectors=xor6_7:xor8_9:raw13:raw12
ex287,pair_count_3,pair,s5:sc2_4,8968,16384,0,12,buckets=7; selectors=xor6_7:xor8_9:raw13:raw12
ex287,pair_count_3,pair,sc3_6:mx1_5,8960,16384,0,9,buckets=7; selectors=xor6_7:xor8_9:raw13:raw12
ex287,pair_count_3,pair,mn4_5:sc2_4,8928,16384,0,6,buckets=7; selectors=xor6_7:xor8_9:raw13:raw12
ex287,pair_count_3,pair,c5:sc2_4,8928,16384,0,9,buckets=7; selectors=xor6_7:xor8_9:raw13:raw12
ex287,pair_count_3,pair,sc2_4:mx1_5,8888,16384,0,9,buckets=7; selectors=xor6_7:xor8_9:raw13:raw12
ex287,pair_count_4,single,mn2_4:v,8342,16384,0,3,buckets=7; selectors=xor6_7:xor8_9:raw13:raw12
ex287,pair_count_4,single,mn2_4:mod3,8342,16384,0,3,buckets=7; selectors=xor6_7:xor8_9:raw13:raw12
ex287,pair_count_4,single,mn2_4:clip2,8342,16384,0,3,buckets=7; selectors=xor6_7:xor8_9:raw13:raw12
ex287,pair_count_4,single,mx2_4:clip2,8147,16384,0,3,buckets=7; selectors=xor6_7:xor8_9:raw13:raw12
ex287,pair_count_4,single,mx2_4:v,8147,16384,0,5,buckets=7; selectors=xor6_7:xor8_9:raw13:raw12
ex287,pair_count_4,single,c2ge2:v,8140,16384,0,2,buckets=7; selectors=xor6_7:xor8_9:raw13:raw12
ex287,pair_count_4,single,c2ge2:mod3,8140,16384,0,2,buckets=7; selectors=xor6_7:xor8_9:raw13:raw12
ex287,pair_count_4,single,c2ge2:clip2,8140,16384,0,2,buckets=7; selectors=xor6_7:xor8_9:raw13:raw12
ex287,pair_count_4,single,mx2_6:v,8140,16384,0,3,buckets=7; selectors=xor6_7:xor8_9:raw13:raw12
ex287,pair_count_4,single,mx2_6:mod3,8140,16384,0,3,buckets=7; selectors=xor6_7:xor8_9:raw13:raw12
ex287,pair_count_4,single,mx2_6:clip2,8140,16384,0,3,buckets=7; selectors=xor6_7:xor8_9:raw13:raw12
ex287,pair_count_4,single,mx2_3:v,8140,16384,0,3,buckets=7; selectors=xor6_7:xor8_9:raw13:raw12
ex287,pair_count_4,pair,mx2_6:sc4_6,9098,16384,0,9,buckets=7; selectors=xor6_7:xor8_9:raw13:raw12
ex287,pair_count_4,pair,mx2_4:c2,9066,16384,0,12,buckets=7; selectors=xor6_7:xor8_9:raw13:raw12
ex287,pair_count_4,pair,c2:sc4_6,9049,16384,0,9,buckets=7; selectors=xor6_7:xor8_9:raw13:raw12
ex287,pair_count_4,pair,mn2_4:mx2_4,9003,16384,0,12,buckets=7; selectors=xor6_7:xor8_9:raw13:raw12
ex287,pair_count_4,pair,mx1_2:sc4_6,8985,16384,0,9,buckets=7; selectors=xor6_7:xor8_9:raw13:raw12
ex287,pair_count_4,pair,mx2_3:sc4_6,8933,16384,0,9,buckets=7; selectors=xor6_7:xor8_9:raw13:raw12
ex287,pair_count_4,pair,c2:s3,8918,16384,0,12,buckets=7; selectors=xor6_7:xor8_9:raw13:raw12
ex287,pair_count_4,pair,mx2_3:s3,8914,16384,0,12,buckets=7; selectors=xor6_7:xor8_9:raw13:raw12
ex287,pair_count_4,pair,mx2_6:s3,8908,16384,0,12,buckets=7; selectors=xor6_7:xor8_9:raw13:raw12
ex287,pair_count_4,pair,c2ge2:sc4_6,8890,16384,0,6,buckets=7; selectors=xor6_7:xor8_9:raw13:raw12
ex287,pair_count_4,pair,mx1_2:s3,8878,16384,0,12,buckets=7; selectors=xor6_7:xor8_9:raw13:raw12
ex287,pair_count_4,pair,mx2_4:mx1_2,8871,16384,0,13,buckets=7; selectors=xor6_7:xor8_9:raw13:raw12
ex287,pair_count_5,single,mx0_6:v,8848,16384,0,4,buckets=7; selectors=xor6_7:xor8_9:raw13:raw12
ex287,pair_count_5,single,mx0_1:v,8784,16384,0,4,buckets=7; selectors=xor6_7:xor8_9:raw13:raw12
ex287,pair_count_5,single,p0:v,8704,16384,0,4,buckets=7; selectors=xor6_7:xor8_9:raw13:raw12
ex287,pair_count_5,single,c0:v,8704,16384,0,4,buckets=7; selectors=xor6_7:xor8_9:raw13:raw12
ex287,pair_count_5,single,sc0_6:v,8688,16384,0,3,buckets=7; selectors=xor6_7:xor8_9:raw13:raw12
ex287,pair_count_5,single,sc0_6:mod3,8688,16384,0,3,buckets=7; selectors=xor6_7:xor8_9:raw13:raw12
ex287,pair_count_5,single,sc0_6:clip2,8688,16384,0,3,buckets=7; selectors=xor6_7:xor8_9:raw13:raw12
ex287,pair_count_5,single,mx0_6:clip2,8688,16384,0,3,buckets=7; selectors=xor6_7:xor8_9:raw13:raw12
ex287,pair_count_5,single,sc0_1:v,8624,16384,0,3,buckets=7; selectors=xor6_7:xor8_9:raw13:raw12
ex287,pair_count_5,single,sc0_1:mod3,8624,16384,0,3,buckets=7; selectors=xor6_7:xor8_9:raw13:raw12
ex287,pair_count_5,single,sc0_1:clip2,8624,16384,0,3,buckets=7; selectors=xor6_7:xor8_9:raw13:raw12
ex287,pair_count_5,single,p1:clip2,8624,16384,0,3,buckets=7; selectors=xor6_7:xor8_9:raw13:raw12
ex287,pair_count_5,pair,sc0_6:sc0_1,9408,16384,0,7,buckets=7; selectors=xor6_7:xor8_9:raw13:raw12
ex287,pair_count_5,pair,sc0_6:p1,9408,16384,0,8,buckets=7; selectors=xor6_7:xor8_9:raw13:raw12
ex287,pair_count_5,pair,sc0_6:mx0_1,9080,16384,0,7,buckets=7; selectors=xor6_7:xor8_9:raw13:raw12
ex287,pair_count_5,pair,mx0_1:sc0_6,9080,16384,0,7,buckets=7; selectors=xor6_7:xor8_9:raw13:raw12
ex287,pair_count_5,pair,mx0_6:mx0_1,9032,16384,0,6,buckets=7; selectors=xor6_7:xor8_9:raw13:raw12
ex287,pair_count_5,pair,mx0_1:mx0_6,9032,16384,0,6,buckets=7; selectors=xor6_7:xor8_9:raw13:raw12
ex287,pair_count_5,pair,mx0_6:sc0_1,9032,16384,0,7,buckets=7; selectors=xor6_7:xor8_9:raw13:raw12
ex287,pair_count_5,pair,mx0_6:p1,9032,16384,0,8,buckets=7; selectors=xor6_7:xor8_9:raw13:raw12
ex287,pair_count_5,pair,sc0_6:mx0_6,8896,16384,0,5,buckets=7; selectors=xor6_7:xor8_9:raw13:raw12
ex287,pair_count_5,pair,mx0_6:sc0_6,8896,16384,0,5,buckets=7; selectors=xor6_7:xor8_9:raw13:raw12
ex287,pair_count_5,pair,sc0_6:p0,8896,16384,0,6,buckets=7; selectors=xor6_7:xor8_9:raw13:raw12
ex287,pair_count_5,pair,sc0_6:c0,8896,16384,0,6,buckets=7; selectors=xor6_7:xor8_9:raw13:raw12
ex287,pair_count_6,single,sc2_4:v,9026,16384,0,3,buckets=7; selectors=xor6_7:xor8_9:raw13:raw12
ex287,pair_count_6,single,sc2_4:mod3,9026,16384,0,3,buckets=7; selectors=xor6_7:xor8_9:raw13:raw12
ex287,pair_count_6,single,sc2_4:clip2,9026,16384,0,3,buckets=7; selectors=xor6_7:xor8_9:raw13:raw12
ex287,pair_count_6,single,s2:v,9013,16384,0,4,buckets=7; selectors=xor6_7:xor8_9:raw13:raw12
ex287,pair_count_6,single,s2:mod3,8997,16384,0,3,buckets=7; selectors=xor6_7:xor8_9:raw13:raw12
ex287,pair_count_6,single,s1:v,8947,16384,0,4,buckets=7; selectors=xor6_7:xor8_9:raw13:raw12
ex287,pair_count_6,single,s1:mod3,8939,16384,0,3,buckets=7; selectors=xor6_7:xor8_9:raw13:raw12
ex287,pair_count_6,single,p4:mod3,8884,16384,0,3,buckets=7; selectors=xor6_7:xor8_9:raw13:raw12
ex287,pair_count_6,single,p4:v,8884,16384,0,4,buckets=7; selectors=xor6_7:xor8_9:raw13:raw12
ex287,pair_count_6,single,mx2_4:clip2,8872,16384,0,3,buckets=7; selectors=xor6_7:xor8_9:raw13:raw12
ex287,pair_count_6,single,mx2_4:v,8872,16384,0,5,buckets=7; selectors=xor6_7:xor8_9:raw13:raw12
ex287,pair_count_6,single,s2:clip2,8864,16384,0,3,buckets=7; selectors=xor6_7:xor8_9:raw13:raw12
ex287,pair_count_6,pair,mx2_4:mn2_4,9430,16384,0,12,buckets=7; selectors=xor6_7:xor8_9:raw13:raw12
ex287,pair_count_6,pair,sc2_4:mn0_4,9106,16384,0,7,buckets=7; selectors=xor6_7:xor8_9:raw13:raw12
ex287,pair_count_6,pair,sc2_4:mn2_4,9102,16384,0,5,buckets=7; selectors=xor6_7:xor8_9:raw13:raw12
ex287,pair_count_6,pair,s2:mn0_4,9093,16384,0,10,buckets=7; selectors=xor6_7:xor8_9:raw13:raw12
ex287,pair_count_6,pair,s2:mn2_4,9089,16384,0,7,buckets=7; selectors=xor6_7:xor8_9:raw13:raw12
ex287,pair_count_6,pair,s2:mx2_4,9065,16384,0,11,buckets=7; selectors=xor6_7:xor8_9:raw13:raw12
ex287,pair_count_6,pair,mx2_4:s2,9065,16384,0,11,buckets=7; selectors=xor6_7:xor8_9:raw13:raw12
ex287,pair_count_6,pair,sc2_4:s3,9063,16384,0,12,buckets=7; selectors=xor6_7:xor8_9:raw13:raw12
ex287,pair_count_6,pair,sc2_4:s2,9054,16384,0,9,buckets=7; selectors=xor6_7:xor8_9:raw13:raw12
ex287,pair_count_6,pair,sc2_4:s1,9029,16384,0,9,buckets=7; selectors=xor6_7:xor8_9:raw13:raw12
ex287,pair_count_6,pair,s1:mn0_4,9028,16384,0,10,buckets=7; selectors=xor6_7:xor8_9:raw13:raw12
ex287,pair_count_6,pair,mn0_4:s1,9028,16384,0,10,buckets=7; selectors=xor6_7:xor8_9:raw13:raw12
ex288,pair_count_0,single,p5:v,15984,32768,0,4,buckets=9; selectors=raw13:raw10:xor6_7
ex288,pair_count_0,single,p5:mod3,15970,32768,0,3,buckets=9; selectors=raw13:raw10:xor6_7
ex288,pair_count_0,single,p4:clip2,15912,32768,0,3,buckets=9; selectors=raw13:raw10:xor6_7
ex288,pair_count_0,single,p4:v,15912,32768,0,4,buckets=9; selectors=raw13:raw10:xor6_7
ex288,pair_count_0,single,p6:v,15862,32768,0,4,buckets=9; selectors=raw13:raw10:xor6_7
ex288,pair_count_0,single,s5:clip2,15859,32768,0,3,buckets=9; selectors=raw13:raw10:xor6_7
ex288,pair_count_0,single,s5:v,15859,32768,0,4,buckets=9; selectors=raw13:raw10:xor6_7
ex288,pair_count_0,single,p6:mod3,15858,32768,0,3,buckets=9; selectors=raw13:raw10:xor6_7
ex288,pair_count_0,single,sc5_6:v,15849,32768,0,3,buckets=9; selectors=raw13:raw10:xor6_7
ex288,pair_count_0,single,sc5_6:mod3,15849,32768,0,3,buckets=9; selectors=raw13:raw10:xor6_7
ex288,pair_count_0,single,sc5_6:clip2,15849,32768,0,3,buckets=9; selectors=raw13:raw10:xor6_7
ex288,pair_count_0,single,mx5_6:clip2,15849,32768,0,3,buckets=9; selectors=raw13:raw10:xor6_7
ex288,pair_count_0,pair,p5:mn1_6,16141,32768,0,9,buckets=9; selectors=raw13:raw10:xor6_7
ex288,pair_count_0,pair,p5:s6,16131,32768,0,16,buckets=9; selectors=raw13:raw10:xor6_7
ex288,pair_count_0,pair,p4:sc5_6,16109,32768,0,12,buckets=9; selectors=raw13:raw10:xor6_7
ex288,pair_count_0,pair,p4:s6,16100,32768,0,16,buckets=9; selectors=raw13:raw10:xor6_7
ex288,pair_count_0,pair,p5:sc5_6,16097,32768,0,12,buckets=9; selectors=raw13:raw10:xor6_7
ex288,pair_count_0,pair,p5:mx5_6,16097,32768,0,13,buckets=9; selectors=raw13:raw10:xor6_7
ex288,pair_count_0,pair,p5:s5,16094,32768,0,16,buckets=9; selectors=raw13:raw10:xor6_7
ex288,pair_count_0,pair,p5:sc1_5,16084,32768,0,9,buckets=9; selectors=raw13:raw10:xor6_7
ex288,pair_count_0,pair,p5:mx1_5,16084,32768,0,10,buckets=9; selectors=raw13:raw10:xor6_7
ex288,pair_count_0,pair,p4:mx5_6,16079,32768,0,16,buckets=9; selectors=raw13:raw10:xor6_7
ex288,pair_count_0,pair,p4:mn1_6,16071,32768,0,9,buckets=9; selectors=raw13:raw10:xor6_7
ex288,pair_count_0,pair,p4:s5,16070,32768,0,16,buckets=9; selectors=raw13:raw10:xor6_7
ex288,pair_count_1,single,p4:clip2,16350,32768,0,3,buckets=9; selectors=raw13:raw10:xor6_7
ex288,pair_count_1,single,p4:v,16350,32768,0,4,buckets=9; selectors=raw13:raw10:xor6_7
ex288,pair_count_1,single,p5:v,16324,32768,0,4,buckets=9; selectors=raw13:raw10:xor6_7
ex288,pair_count_1,single,sc1_6:v,16317,32768,0,3,buckets=9; selectors=raw13:raw10:xor6_7
ex288,pair_count_1,single,sc1_6:mod3,16317,32768,0,3,buckets=9; selectors=raw13:raw10:xor6_7
ex288,pair_count_1,single,sc1_6:clip2,16317,32768,0,3,buckets=9; selectors=raw13:raw10:xor6_7
ex288,pair_count_1,single,mx1_6:v,16317,32768,0,3,buckets=9; selectors=raw13:raw10:xor6_7
ex288,pair_count_1,single,mx1_6:mod3,16317,32768,0,3,buckets=9; selectors=raw13:raw10:xor6_7
ex288,pair_count_1,single,mx1_6:clip2,16317,32768,0,3,buckets=9; selectors=raw13:raw10:xor6_7
ex288,pair_count_1,single,s5:clip2,16316,32768,0,3,buckets=9; selectors=raw13:raw10:xor6_7
ex288,pair_count_1,single,s5:v,16316,32768,0,4,buckets=9; selectors=raw13:raw10:xor6_7
ex288,pair_count_1,single,p5:mod3,16313,32768,0,3,buckets=9; selectors=raw13:raw10:xor6_7
ex288,pair_count_1,pair,s5:p1,16628,32768,0,16,buckets=9; selectors=raw13:raw10:xor6_7
ex288,pair_count_1,pair,p4:s5,16625,32768,0,16,buckets=9; selectors=raw13:raw10:xor6_7
ex288,pair_count_1,pair,s5:mx0_1,16553,32768,0,12,buckets=9; selectors=raw13:raw10:xor6_7
ex288,pair_count_1,pair,p4:mx1_6,16540,32768,0,12,buckets=9; selectors=raw13:raw10:xor6_7
ex288,pair_count_1,pair,s5:sc0_1,16537,32768,0,12,buckets=9; selectors=raw13:raw10:xor6_7
ex288,pair_count_1,pair,p4:sc1_6,16524,32768,0,12,buckets=9; selectors=raw13:raw10:xor6_7
ex288,pair_count_1,pair,s5:p5,16516,32768,0,16,buckets=9; selectors=raw13:raw10:xor6_7
ex288,pair_count_1,pair,p5:s5,16516,32768,0,16,buckets=9; selectors=raw13:raw10:xor6_7
ex288,pair_count_1,pair,p4:mx1_8,16508,32768,0,10,buckets=9; selectors=raw13:raw10:xor6_7
ex288,pair_count_1,pair,sc1_6:p5,16497,32768,0,12,buckets=9; selectors=raw13:raw10:xor6_7
ex288,pair_count_1,pair,p5:sc1_6,16497,32768,0,12,buckets=9; selectors=raw13:raw10:xor6_7
ex288,pair_count_1,pair,p5:mx1_6,16497,32768,0,12,buckets=9; selectors=raw13:raw10:xor6_7
ex288,pair_count_2,single,sc0_3:v,16106,32768,0,3,buckets=9; selectors=raw13:raw10:xor6_7
ex288,pair_count_2,single,sc0_3:mod3,16106,32768,0,3,buckets=9; selectors=raw13:raw10:xor6_7
ex288,pair_count_2,single,sc0_3:clip2,16106,32768,0,3,buckets=9; selectors=raw13:raw10:xor6_7
ex288,pair_count_2,single,mx0_3:clip2,16106,32768,0,3,buckets=9; selectors=raw13:raw10:xor6_7
ex288,pair_count_2,single,mx0_3:v,16106,32768,0,4,buckets=9; selectors=raw13:raw10:xor6_7
ex288,pair_count_2,single,p3:clip2,16043,32768,0,3,buckets=9; selectors=raw13:raw10:xor6_7
ex288,pair_count_2,single,p3:v,16043,32768,0,4,buckets=9; selectors=raw13:raw10:xor6_7
ex288,pair_count_2,single,p4:clip2,16031,32768,0,3,buckets=9; selectors=raw13:raw10:xor6_7
ex288,pair_count_2,single,p4:v,16031,32768,0,4,buckets=9; selectors=raw13:raw10:xor6_7
ex288,pair_count_2,single,p4:mod3,15906,32768,0,3,buckets=9; selectors=raw13:raw10:xor6_7
ex288,pair_count_2,single,p3:mod3,15899,32768,0,3,buckets=9; selectors=raw13:raw10:xor6_7
ex288,pair_count_2,single,mx1_5:v,15879,32768,0,4,buckets=9; selectors=raw13:raw10:xor6_7
ex288,pair_count_2,pair,sc0_3:mx1_5,16528,32768,0,12,buckets=9; selectors=raw13:raw10:xor6_7
ex288,pair_count_2,pair,mx0_3:mx1_5,16520,32768,0,16,buckets=9; selectors=raw13:raw10:xor6_7
ex288,pair_count_2,pair,sc0_3:mx5_7,16518,32768,0,12,buckets=9; selectors=raw13:raw10:xor6_7
ex288,pair_count_2,pair,sc0_3:mx5_6,16510,32768,0,12,buckets=9; selectors=raw13:raw10:xor6_7
ex288,pair_count_2,pair,mx0_3:mx4_5,16503,32768,0,16,buckets=9; selectors=raw13:raw10:xor6_7
ex288,pair_count_2,pair,sc0_3:mx2_5,16492,32768,0,12,buckets=9; selectors=raw13:raw10:xor6_7
ex288,pair_count_2,pair,sc0_3:mx5_8,16482,32768,0,12,buckets=9; selectors=raw13:raw10:xor6_7
ex288,pair_count_2,pair,sc0_3:mx4_5,16482,32768,0,12,buckets=9; selectors=raw13:raw10:xor6_7
ex288,pair_count_2,pair,sc0_3:mx0_5,16482,32768,0,12,buckets=9; selectors=raw13:raw10:xor6_7
ex288,pair_count_2,pair,sc0_3:c5,16482,32768,0,12,buckets=9; selectors=raw13:raw10:xor6_7
ex288,pair_count_2,pair,mx0_3:mx5_6,16478,32768,0,16,buckets=9; selectors=raw13:raw10:xor6_7
ex288,pair_count_2,pair,mx0_3:mx2_5,16472,32768,0,16,buckets=9; selectors=raw13:raw10:xor6_7
ex288,pair_count_3,single,sc3_5:v,18188,32768,0,3,buckets=9; selectors=raw13:raw10:xor6_7
ex288,pair_count_3,single,sc3_5:mod3,18188,32768,0,3,buckets=9; selectors=raw13:raw10:xor6_7
ex288,pair_count_3,single,sc3_5:clip2,18188,32768,0,3,buckets=9; selectors=raw13:raw10:xor6_7
ex288,pair_count_3,single,sc3_6:v,18000,32768,0,3,buckets=9; selectors=raw13:raw10:xor6_7
ex288,pair_count_3,single,sc3_6:mod3,18000,32768,0,3,buckets=9; selectors=raw13:raw10:xor6_7
ex288,pair_count_3,single,sc3_6:clip2,18000,32768,0,3,buckets=9; selectors=raw13:raw10:xor6_7
ex288,pair_count_3,single,mx3_6:clip2,18000,32768,0,3,buckets=9; selectors=raw13:raw10:xor6_7
ex288,pair_count_3,single,mx3_6:v,18000,32768,0,4,buckets=9; selectors=raw13:raw10:xor6_7
ex288,pair_count_3,single,s6:clip2,17993,32768,0,3,buckets=9; selectors=raw13:raw10:xor6_7
ex288,pair_count_3,single,s6:v,17993,32768,0,4,buckets=9; selectors=raw13:raw10:xor6_7
ex288,pair_count_3,single,sc3_7:v,17939,32768,0,3,buckets=9; selectors=raw13:raw10:xor6_7
ex288,pair_count_3,single,sc3_7:mod3,17939,32768,0,3,buckets=9; selectors=raw13:raw10:xor6_7
ex288,pair_count_3,pair,sc3_5:s6,18348,32768,0,12,buckets=9; selectors=raw13:raw10:xor6_7
ex288,pair_count_3,pair,sc3_5:sc3_6,18282,32768,0,9,buckets=9; selectors=raw13:raw10:xor6_7
ex288,pair_count_3,pair,sc3_5:mx3_6,18282,32768,0,10,buckets=9; selectors=raw13:raw10:xor6_7
ex288,pair_count_3,pair,sc3_5:s2,18233,32768,0,9,buckets=9; selectors=raw13:raw10:xor6_7
ex288,pair_count_3,pair,sc3_5:sc2_3,18229,32768,0,8,buckets=9; selectors=raw13:raw10:xor6_7
ex288,pair_count_3,pair,sc3_5:s3,18226,32768,0,9,buckets=9; selectors=raw13:raw10:xor6_7
ex288,pair_count_3,pair,sc3_5:sc3_7,18202,32768,0,8,buckets=9; selectors=raw13:raw10:xor6_7
ex288,pair_count_3,pair,sc3_5:sc3_5,18188,32768,0,3,buckets=9; selectors=raw13:raw10:xor6_7
ex288,pair_count_3,pair,sc3_5:mx3_7,18188,32768,0,8,buckets=9; selectors=raw13:raw10:xor6_7
ex288,pair_count_3,pair,sc3_5:mx2_3,18188,32768,0,8,buckets=9; selectors=raw13:raw10:xor6_7
ex288,pair_count_3,pair,s6:mx2_3,18185,32768,0,16,buckets=9; selectors=raw13:raw10:xor6_7
ex288,pair_count_3,pair,mx3_6:s6,18172,32768,0,15,buckets=9; selectors=raw13:raw10:xor6_7
ex288,pair_count_4,single,sc4_5:v,15989,32768,0,3,buckets=9; selectors=raw13:raw10:xor6_7
ex288,pair_count_4,single,sc4_5:mod3,15989,32768,0,3,buckets=9; selectors=raw13:raw10:xor6_7
ex288,pair_count_4,single,sc4_5:clip2,15989,32768,0,3,buckets=9; selectors=raw13:raw10:xor6_7
ex288,pair_count_4,single,mx4_5:clip2,15989,32768,0,3,buckets=9; selectors=raw13:raw10:xor6_7
ex288,pair_count_4,single,mx4_5:v,15989,32768,0,4,buckets=9; selectors=raw13:raw10:xor6_7
ex288,pair_count_4,single,s4:clip2,15852,32768,0,3,buckets=9; selectors=raw13:raw10:xor6_7
ex288,pair_count_4,single,s4:v,15852,32768,0,4,buckets=9; selectors=raw13:raw10:xor6_7
ex288,pair_count_4,single,sc0_5:v,15832,32768,0,3,buckets=9; selectors=raw13:raw10:xor6_7
ex288,pair_count_4,single,sc0_5:mod3,15832,32768,0,3,buckets=9; selectors=raw13:raw10:xor6_7
ex288,pair_count_4,single,sc0_5:clip2,15832,32768,0,3,buckets=9; selectors=raw13:raw10:xor6_7
ex288,pair_count_4,single,mx0_5:clip2,15832,32768,0,3,buckets=9; selectors=raw13:raw10:xor6_7
ex288,pair_count_4,single,mx0_5:v,15832,32768,0,4,buckets=9; selectors=raw13:raw10:xor6_7
ex288,pair_count_4,pair,mx4_5:s4,16099,32768,0,10,buckets=9; selectors=raw13:raw10:xor6_7
ex288,pair_count_4,pair,sc4_5:s4,16088,32768,0,9,buckets=9; selectors=raw13:raw10:xor6_7
ex288,pair_count_4,pair,sc4_5:sc5_6,16028,32768,0,8,buckets=9; selectors=raw13:raw10:xor6_7
ex288,pair_count_4,pair,mx4_5:sc5_6,16028,32768,0,8,buckets=9; selectors=raw13:raw10:xor6_7
ex288,pair_count_4,pair,mx4_5:mx5_6,16028,32768,0,8,buckets=9; selectors=raw13:raw10:xor6_7
ex288,pair_count_4,pair,sc4_5:mx5_6,16028,32768,0,9,buckets=9; selectors=raw13:raw10:xor6_7
ex288,pair_count_4,pair,sc4_5:sc0_5,16020,32768,0,7,buckets=9; selectors=raw13:raw10:xor6_7
ex288,pair_count_4,pair,s4:mx5_6,16020,32768,0,10,buckets=9; selectors=raw13:raw10:xor6_7
ex288,pair_count_4,pair,sc4_5:sc4_5,15989,32768,0,3,buckets=9; selectors=raw13:raw10:xor6_7
ex288,pair_count_4,pair,sc4_5:c5z,15989,32768,0,4,buckets=9; selectors=raw13:raw10:xor6_7
ex288,pair_count_4,pair,sc4_5:c5ge1,15989,32768,0,4,buckets=9; selectors=raw13:raw10:xor6_7
ex288,pair_count_4,pair,mx4_5:mx4_5,15989,32768,0,4,buckets=9; selectors=raw13:raw10:xor6_7
ex288,pair_count_5,single,mn1_3:v,16667,32768,0,3,buckets=9; selectors=raw13:raw10:xor6_7
ex288,pair_count_5,single,mn1_3:mod3,16667,32768,0,3,buckets=9; selectors=raw13:raw10:xor6_7
ex288,pair_count_5,single,mn1_3:clip2,16667,32768,0,3,buckets=9; selectors=raw13:raw10:xor6_7
ex288,pair_count_5,single,s5:clip2,16594,32768,0,3,buckets=9; selectors=raw13:raw10:xor6_7
ex288,pair_count_5,single,s5:v,16594,32768,0,4,buckets=9; selectors=raw13:raw10:xor6_7
ex288,pair_count_5,single,s4:clip2,16593,32768,0,3,buckets=9; selectors=raw13:raw10:xor6_7
ex288,pair_count_5,single,s4:v,16593,32768,0,4,buckets=9; selectors=raw13:raw10:xor6_7
ex288,pair_count_5,single,p3:clip2,16572,32768,0,3,buckets=9; selectors=raw13:raw10:xor6_7
ex288,pair_count_5,single,p3:v,16572,32768,0,4,buckets=9; selectors=raw13:raw10:xor6_7
ex288,pair_count_5,single,sc4_5:v,16567,32768,0,3,buckets=9; selectors=raw13:raw10:xor6_7
ex288,pair_count_5,single,sc4_5:mod3,16567,32768,0,3,buckets=9; selectors=raw13:raw10:xor6_7
ex288,pair_count_5,single,sc4_5:clip2,16567,32768,0,3,buckets=9; selectors=raw13:raw10:xor6_7
ex288,pair_count_5,pair,mn1_3:s4,17182,32768,0,12,buckets=9; selectors=raw13:raw10:xor6_7
ex288,pair_count_5,pair,mn1_3:sc4_5,17105,32768,0,9,buckets=9; selectors=raw13:raw10:xor6_7
ex288,pair_count_5,pair,mn1_3:mx4_5,17021,32768,0,12,buckets=9; selectors=raw13:raw10:xor6_7
ex288,pair_count_5,pair,mn1_3:s5,16964,32768,0,12,buckets=9; selectors=raw13:raw10:xor6_7
ex288,pair_count_5,pair,mn1_3:p2,16952,32768,0,9,buckets=9; selectors=raw13:raw10:xor6_7
ex288,pair_count_5,pair,mn1_3:p3,16916,32768,0,7,buckets=9; selectors=raw13:raw10:xor6_7
ex288,pair_count_5,pair,s4:p3,16908,32768,0,16,buckets=9; selectors=raw13:raw10:xor6_7
ex288,pair_count_5,pair,mn1_3:s3,16901,32768,0,9,buckets=9; selectors=raw13:raw10:xor6_7
ex288,pair_count_5,pair,mn1_3:p5,16888,32768,0,7,buckets=9; selectors=raw13:raw10:xor6_7
ex288,pair_count_5,pair,mn1_3:sc1_5,16884,32768,0,6,buckets=9; selectors=raw13:raw10:xor6_7
ex288,pair_count_5,pair,mn1_3:mx1_5,16884,32768,0,9,buckets=9; selectors=raw13:raw10:xor6_7
ex288,pair_count_5,pair,s5:p3,16838,32768,0,16,buckets=9; selectors=raw13:raw10:xor6_7
ex288,pair_count_6,single,s3:v,16114,32768,0,4,buckets=9; selectors=raw13:raw10:xor6_7
ex288,pair_count_6,single,s3:mod3,16098,32768,0,3,buckets=9; selectors=raw13:raw10:xor6_7
ex288,pair_count_6,single,p5:v,16093,32768,0,4,buckets=9; selectors=raw13:raw10:xor6_7
ex288,pair_count_6,single,p5:mod3,16085,32768,0,3,buckets=9; selectors=raw13:raw10:xor6_7
ex288,pair_count_6,single,s2:v,16049,32768,0,4,buckets=9; selectors=raw13:raw10:xor6_7
ex288,pair_count_6,single,s2:mod3,16041,32768,0,3,buckets=9; selectors=raw13:raw10:xor6_7
ex288,pair_count_6,single,p3:clip2,16036,32768,0,3,buckets=9; selectors=raw13:raw10:xor6_7
ex288,pair_count_6,single,p3:v,16036,32768,0,4,buckets=9; selectors=raw13:raw10:xor6_7
ex288,pair_count_6,single,mx4_5:v,15963,32768,0,4,buckets=9; selectors=raw13:raw10:xor6_7
ex288,pair_count_6,single,s4:clip2,15952,32768,0,3,buckets=9; selectors=raw13:raw10:xor6_7
ex288,pair_count_6,single,s4:v,15952,32768,0,4,buckets=9; selectors=raw13:raw10:xor6_7
ex288,pair_count_6,single,sc0_3:v,15947,32768,0,3,buckets=9; selectors=raw13:raw10:xor6_7
ex288,pair_count_6,pair,mx4_5:mx0_3,16516,32768,0,16,buckets=9; selectors=raw13:raw10:xor6_7
ex288,pair_count_6,pair,mx4_5:sc0_3,16515,32768,0,12,buckets=9; selectors=raw13:raw10:xor6_7
ex288,pair_count_6,pair,p3:mx4_5,16482,32768,0,16,buckets=9; selectors=raw13:raw10:xor6_7
ex288,pair_count_6,pair,mx4_5:p3,16482,32768,0,16,buckets=9; selectors=raw13:raw10:xor6_7
ex288,pair_count_6,pair,mx4_5:mx1_6,16291,32768,0,12,buckets=9; selectors=raw13:raw10:xor6_7
ex288,pair_count_6,pair,s3:p3,16281,32768,0,16,buckets=9; selectors=raw13:raw10:xor6_7
ex288,pair_count_6,pair,s3:p5,16274,32768,0,16,buckets=9; selectors=raw13:raw10:xor6_7
ex288,pair_count_6,pair,p5:s2,16228,32768,0,16,buckets=9; selectors=raw13:raw10:xor6_7
ex288,pair_count_6,pair,s2:p3,16221,32768,0,16,buckets=9; selectors=raw13:raw10:xor6_7
ex288,pair_count_6,pair,s3:mx4_5,16216,32768,0,10,buckets=9; selectors=raw13:raw10:xor6_7
ex288,pair_count_6,pair,p5:mx4_5,16205,32768,0,10,buckets=9; selectors=raw13:raw10:xor6_7
ex288,pair_count_6,pair,s3:sc1_6,16196,32768,0,12,buckets=9; selectors=raw13:raw10:xor6_7
ex288,pair_count_7,single,sc2_8:v,23507,32768,0,3,buckets=9; selectors=raw13:raw10:xor6_7
ex288,pair_count_7,single,sc2_8:mod3,23507,32768,0,3,buckets=9; selectors=raw13:raw10:xor6_7
ex288,pair_count_7,single,sc2_8:clip2,23507,32768,0,3,buckets=9; selectors=raw13:raw10:xor6_7
ex288,pair_count_7,single,mx2_8:v,21039,32768,0,2,buckets=9; selectors=raw13:raw10:xor6_7
ex288,pair_count_7,single,mx2_8:mod3,21039,32768,0,2,buckets=9; selectors=raw13:raw10:xor6_7
ex288,pair_count_7,single,mx2_8:clip2,21039,32768,0,2,buckets=9; selectors=raw13:raw10:xor6_7
ex288,pair_count_7,single,mn2_8:v,19039,32768,0,2,buckets=9; selectors=raw13:raw10:xor6_7
ex288,pair_count_7,single,mn2_8:mod3,19039,32768,0,2,buckets=9; selectors=raw13:raw10:xor6_7
ex288,pair_count_7,single,mn2_8:clip2,19039,32768,0,2,buckets=9; selectors=raw13:raw10:xor6_7
ex288,pair_count_7,single,mn4_7:v,18549,32768,0,2,buckets=9; selectors=raw13:raw10:xor6_7
ex288,pair_count_7,single,mn4_7:mod3,18549,32768,0,2,buckets=9; selectors=raw13:raw10:xor6_7
ex288,pair_count_7,single,mn4_7:clip2,18549,32768,0,2,buckets=9; selectors=raw13:raw10:xor6_7
ex288,pair_count_7,pair,sc2_8:mn4_7,23561,32768,0,6,buckets=9; selectors=raw13:raw10:xor6_7
ex288,pair_count_7,pair,sc2_8:sc4_7,23561,32768,0,9,buckets=9; selectors=raw13:raw10:xor6_7
ex288,pair_count_7,pair,sc2_8:sc3_4,23557,32768,0,9,buckets=9; selectors=raw13:raw10:xor6_7
ex288,pair_count_7,pair,sc2_8:sc2_8,23507,32768,0,3,buckets=9; selectors=raw13:raw10:xor6_7
ex288,pair_count_7,pair,sc2_8:mx2_8,23507,32768,0,3,buckets=9; selectors=raw13:raw10:xor6_7
ex288,pair_count_7,pair,sc2_8:mn2_8,23507,32768,0,3,buckets=9; selectors=raw13:raw10:xor6_7
ex288,pair_count_7,pair,mx2_8:mn2_8,23507,32768,0,3,buckets=9; selectors=raw13:raw10:xor6_7
ex288,pair_count_7,pair,sc2_8:mx0_7,23507,32768,0,6,buckets=9; selectors=raw13:raw10:xor6_7
ex288,pair_count_7,pair,sc2_8:sc0_7,23507,32768,0,9,buckets=9; selectors=raw13:raw10:xor6_7
ex288,pair_count_7,pair,mx2_8:sc3_4,21543,32768,0,6,buckets=9; selectors=raw13:raw10:xor6_7
ex288,pair_count_7,pair,mx2_8:mx0_7,21291,32768,0,4,buckets=9; selectors=raw13:raw10:xor6_7
ex288,pair_count_7,pair,mx2_8:sc0_7,21291,32768,0,6,buckets=9; selectors=raw13:raw10:xor6_7
ex289,pair_count_0,single,mn2_4:v,34342,65536,0,5,buckets=8; selectors=xor10_11:xor6_7:raw15:raw14
ex289,pair_count_0,single,sc2_4:v,34165,65536,0,3,buckets=8; selectors=xor10_11:xor6_7:raw15:raw14
ex289,pair_count_0,single,sc2_4:mod3,34165,65536,0,3,buckets=8; selectors=xor10_11:xor6_7:raw15:raw14
ex289,pair_count_0,single,sc2_4:clip2,34165,65536,0,3,buckets=8; selectors=xor10_11:xor6_7:raw15:raw14
ex289,pair_count_0,single,p4:v,34133,65536,0,4,buckets=8; selectors=xor10_11:xor6_7:raw15:raw14
ex289,pair_count_0,single,p4:mod3,34119,65536,0,3,buckets=8; selectors=xor10_11:xor6_7:raw15:raw14
ex289,pair_count_0,single,p5:v,33983,65536,0,4,buckets=8; selectors=xor10_11:xor6_7:raw15:raw14
ex289,pair_count_0,single,p5:mod3,33979,65536,0,3,buckets=8; selectors=xor10_11:xor6_7:raw15:raw14
ex289,pair_count_0,single,s2:v,33945,65536,0,4,buckets=8; selectors=xor10_11:xor6_7:raw15:raw14
ex289,pair_count_0,single,s2:mod3,33943,65536,0,3,buckets=8; selectors=xor10_11:xor6_7:raw15:raw14
ex289,pair_count_0,single,mx2_4:clip2,33925,65536,0,3,buckets=8; selectors=xor10_11:xor6_7:raw15:raw14
ex289,pair_count_0,single,mx2_4:v,33925,65536,0,5,buckets=8; selectors=xor10_11:xor6_7:raw15:raw14
ex289,pair_count_0,pair,mn2_4:mx2_4,34957,65536,0,15,buckets=8; selectors=xor10_11:xor6_7:raw15:raw14
ex289,pair_count_0,pair,mn2_4:sc2_4,34763,65536,0,7,buckets=8; selectors=xor10_11:xor6_7:raw15:raw14
ex289,pair_count_0,pair,mn2_4:p4,34731,65536,0,9,buckets=8; selectors=xor10_11:xor6_7:raw15:raw14
ex289,pair_count_0,pair,mn2_4:mx3_5,34713,65536,0,15,buckets=8; selectors=xor10_11:xor6_7:raw15:raw14
ex289,pair_count_0,pair,mn2_4:p5,34581,65536,0,9,buckets=8; selectors=xor10_11:xor6_7:raw15:raw14
ex289,pair_count_0,pair,mn2_4:mn3_5,34566,65536,0,15,buckets=8; selectors=xor10_11:xor6_7:raw15:raw14
ex289,pair_count_0,pair,mn2_4:sc3_5,34553,65536,0,15,buckets=8; selectors=xor10_11:xor6_7:raw15:raw14
ex289,pair_count_0,pair,mn2_4:s2,34543,65536,0,9,buckets=8; selectors=xor10_11:xor6_7:raw15:raw14
ex289,pair_count_0,pair,mn2_4:s3,34543,65536,0,11,buckets=8; selectors=xor10_11:xor6_7:raw15:raw14
ex289,pair_count_0,pair,mx2_4:mn3_5,34534,65536,0,15,buckets=8; selectors=xor10_11:xor6_7:raw15:raw14
ex289,pair_count_0,pair,mx2_4:mx3_5,34533,65536,0,15,buckets=8; selectors=xor10_11:xor6_7:raw15:raw14
ex289,pair_count_0,pair,mn2_4:p6,34485,65536,0,9,buckets=8; selectors=xor10_11:xor6_7:raw15:raw14
ex289,pair_count_1,single,mn2_4:v,34307,65536,0,5,buckets=8; selectors=xor10_11:xor6_7:raw15:raw14
ex289,pair_count_1,single,s5:clip2,34138,65536,0,3,buckets=8; selectors=xor10_11:xor6_7:raw15:raw14
ex289,pair_count_1,single,s5:v,34138,65536,0,4,buckets=8; selectors=xor10_11:xor6_7:raw15:raw14
ex289,pair_count_1,single,p4:v,34075,65536,0,4,buckets=8; selectors=xor10_11:xor6_7:raw15:raw14
ex289,pair_count_1,single,p4:mod3,34064,65536,0,3,buckets=8; selectors=xor10_11:xor6_7:raw15:raw14
ex289,pair_count_1,single,sc2_4:v,34056,65536,0,3,buckets=8; selectors=xor10_11:xor6_7:raw15:raw14
ex289,pair_count_1,single,sc2_4:mod3,34056,65536,0,3,buckets=8; selectors=xor10_11:xor6_7:raw15:raw14
ex289,pair_count_1,single,sc2_4:clip2,34056,65536,0,3,buckets=8; selectors=xor10_11:xor6_7:raw15:raw14
ex289,pair_count_1,single,s3:v,34016,65536,0,4,buckets=8; selectors=xor10_11:xor6_7:raw15:raw14
ex289,pair_count_1,single,s3:mod3,33989,65536,0,3,buckets=8; selectors=xor10_11:xor6_7:raw15:raw14
ex289,pair_count_1,single,s4:clip2,33920,65536,0,3,buckets=8; selectors=xor10_11:xor6_7:raw15:raw14
ex289,pair_count_1,single,s4:v,33920,65536,0,4,buckets=8; selectors=xor10_11:xor6_7:raw15:raw14
ex289,pair_count_1,pair,mn2_4:s5,34770,65536,0,20,buckets=8; selectors=xor10_11:xor6_7:raw15:raw14
ex289,pair_count_1,pair,mn2_4:p4,34670,65536,0,9,buckets=8; selectors=xor10_11:xor6_7:raw15:raw14
ex289,pair_count_1,pair,mn2_4:sc2_4,34651,65536,0,7,buckets=8; selectors=xor10_11:xor6_7:raw15:raw14
ex289,pair_count_1,pair,mn2_4:s3,34611,65536,0,11,buckets=8; selectors=xor10_11:xor6_7:raw15:raw14
ex289,pair_count_1,pair,mn2_4:s4,34593,65536,0,11,buckets=8; selectors=xor10_11:xor6_7:raw15:raw14
ex289,pair_count_1,pair,mn2_4:p3,34525,65536,0,11,buckets=8; selectors=xor10_11:xor6_7:raw15:raw14
ex289,pair_count_1,pair,mn2_4:mn3_5,34525,65536,0,15,buckets=8; selectors=xor10_11:xor6_7:raw15:raw14
ex289,pair_count_1,pair,mn2_4:p5,34513,65536,0,9,buckets=8; selectors=xor10_11:xor6_7:raw15:raw14
ex289,pair_count_1,pair,s5:p4,34464,65536,0,16,buckets=8; selectors=xor10_11:xor6_7:raw15:raw14
ex289,pair_count_1,pair,mn2_4:s2,34463,65536,0,9,buckets=8; selectors=xor10_11:xor6_7:raw15:raw14
ex289,pair_count_1,pair,s5:sc2_4,34460,65536,0,12,buckets=8; selectors=xor10_11:xor6_7:raw15:raw14
ex289,pair_count_1,pair,mn2_4:p6,34457,65536,0,9,buckets=8; selectors=xor10_11:xor6_7:raw15:raw14
ex289,pair_count_2,single,c2z:v,32446,65536,0,2,buckets=8; selectors=xor10_11:xor6_7:raw15:raw14
ex289,pair_count_2,single,c2z:mod3,32446,65536,0,2,buckets=8; selectors=xor10_11:xor6_7:raw15:raw14
ex289,pair_count_2,single,c2z:clip2,32446,65536,0,2,buckets=8; selectors=xor10_11:xor6_7:raw15:raw14
ex289,pair_count_2,single,c2ge1:v,32446,65536,0,2,buckets=8; selectors=xor10_11:xor6_7:raw15:raw14
ex289,pair_count_2,single,c2ge1:mod3,32446,65536,0,2,buckets=8; selectors=xor10_11:xor6_7:raw15:raw14
ex289,pair_count_2,single,c2ge1:clip2,32446,65536,0,2,buckets=8; selectors=xor10_11:xor6_7:raw15:raw14
ex289,pair_count_2,single,c2:clip2,32446,65536,0,3,buckets=8; selectors=xor10_11:xor6_7:raw15:raw14
ex289,pair_count_2,single,c2:v,32446,65536,0,5,buckets=8; selectors=xor10_11:xor6_7:raw15:raw14
ex289,pair_count_2,single,sc2_3:v,32412,65536,0,3,buckets=8; selectors=xor10_11:xor6_7:raw15:raw14
ex289,pair_count_2,single,sc2_3:mod3,32412,65536,0,3,buckets=8; selectors=xor10_11:xor6_7:raw15:raw14
ex289,pair_count_2,single,sc2_3:clip2,32412,65536,0,3,buckets=8; selectors=xor10_11:xor6_7:raw15:raw14
ex289,pair_count_2,single,p2:clip2,32400,65536,0,3,buckets=8; selectors=xor10_11:xor6_7:raw15:raw14
ex289,pair_count_2,pair,c2:c4,33812,65536,0,25,buckets=8; selectors=xor10_11:xor6_7:raw15:raw14
ex289,pair_count_2,pair,c2:mx4_7,33800,65536,0,25,buckets=8; selectors=xor10_11:xor6_7:raw15:raw14
ex289,pair_count_2,pair,c2:mx4_6,33800,65536,0,25,buckets=8; selectors=xor10_11:xor6_7:raw15:raw14
ex289,pair_count_2,pair,c2:mx0_4,33800,65536,0,25,buckets=8; selectors=xor10_11:xor6_7:raw15:raw14
ex289,pair_count_2,pair,c2:mx1_4,33782,65536,0,25,buckets=8; selectors=xor10_11:xor6_7:raw15:raw14
ex289,pair_count_2,pair,c2:mx4_5,33748,65536,0,25,buckets=8; selectors=xor10_11:xor6_7:raw15:raw14
ex289,pair_count_2,pair,sc2_3:c4,33671,65536,0,15,buckets=8; selectors=xor10_11:xor6_7:raw15:raw14
ex289,pair_count_2,pair,sc2_3:mx4_6,33670,65536,0,15,buckets=8; selectors=xor10_11:xor6_7:raw15:raw14
ex289,pair_count_2,pair,sc2_3:mx0_4,33670,65536,0,15,buckets=8; selectors=xor10_11:xor6_7:raw15:raw14
ex289,pair_count_2,pair,sc2_3:mx3_4,33667,65536,0,15,buckets=8; selectors=xor10_11:xor6_7:raw15:raw14
ex289,pair_count_2,pair,sc2_3:mx1_4,33653,65536,0,15,buckets=8; selectors=xor10_11:xor6_7:raw15:raw14
ex289,pair_count_2,pair,sc2_3:mx4_7,33651,65536,0,15,buckets=8; selectors=xor10_11:xor6_7:raw15:raw14
ex289,pair_count_3,single,mx4_7:v,32422,65536,0,5,buckets=8; selectors=xor10_11:xor6_7:raw15:raw14
ex289,pair_count_3,single,mx4_6:v,32422,65536,0,5,buckets=8; selectors=xor10_11:xor6_7:raw15:raw14
ex289,pair_count_3,single,mx4_5:v,32422,65536,0,5,buckets=8; selectors=xor10_11:xor6_7:raw15:raw14
ex289,pair_count_3,single,mx3_4:v,32422,65536,0,5,buckets=8; selectors=xor10_11:xor6_7:raw15:raw14
ex289,pair_count_3,single,mx1_4:v,32422,65536,0,5,buckets=8; selectors=xor10_11:xor6_7:raw15:raw14
ex289,pair_count_3,single,mx0_4:v,32422,65536,0,5,buckets=8; selectors=xor10_11:xor6_7:raw15:raw14
ex289,pair_count_3,single,c4:v,32422,65536,0,5,buckets=8; selectors=xor10_11:xor6_7:raw15:raw14
ex289,pair_count_3,single,s5:clip2,32338,65536,0,3,buckets=8; selectors=xor10_11:xor6_7:raw15:raw14
ex289,pair_count_3,single,s5:v,32338,65536,0,4,buckets=8; selectors=xor10_11:xor6_7:raw15:raw14
ex289,pair_count_3,single,c2z:v,32332,65536,0,2,buckets=8; selectors=xor10_11:xor6_7:raw15:raw14
ex289,pair_count_3,single,c2z:mod3,32332,65536,0,2,buckets=8; selectors=xor10_11:xor6_7:raw15:raw14
ex289,pair_count_3,single,c2z:clip2,32332,65536,0,2,buckets=8; selectors=xor10_11:xor6_7:raw15:raw14
ex289,pair_count_3,pair,mx4_5:c2,33648,65536,0,25,buckets=8; selectors=xor10_11:xor6_7:raw15:raw14
ex289,pair_count_3,pair,c4:c2,33626,65536,0,25,buckets=8; selectors=xor10_11:xor6_7:raw15:raw14
ex289,pair_count_3,pair,mx4_7:c2,33614,65536,0,25,buckets=8; selectors=xor10_11:xor6_7:raw15:raw14
ex289,pair_count_3,pair,mx4_6:c2,33614,65536,0,25,buckets=8; selectors=xor10_11:xor6_7:raw15:raw14
ex289,pair_count_3,pair,mx1_4:c2,33596,65536,0,25,buckets=8; selectors=xor10_11:xor6_7:raw15:raw14
ex289,pair_count_3,pair,c4:sc2_3,33591,65536,0,15,buckets=8; selectors=xor10_11:xor6_7:raw15:raw14
ex289,pair_count_3,pair,mx3_4:sc2_3,33587,65536,0,15,buckets=8; selectors=xor10_11:xor6_7:raw15:raw14
ex289,pair_count_3,pair,mx1_4:sc2_3,33578,65536,0,15,buckets=8; selectors=xor10_11:xor6_7:raw15:raw14
ex289,pair_count_3,pair,mx0_4:c2,33578,65536,0,25,buckets=8; selectors=xor10_11:xor6_7:raw15:raw14
ex289,pair_count_3,pair,mx4_7:sc2_3,33576,65536,0,15,buckets=8; selectors=xor10_11:xor6_7:raw15:raw14
ex289,pair_count_3,pair,mx4_5:sc2_3,33571,65536,0,15,buckets=8; selectors=xor10_11:xor6_7:raw15:raw14
ex289,pair_count_3,pair,mx0_4:sc2_3,33561,65536,0,15,buckets=8; selectors=xor10_11:xor6_7:raw15:raw14
ex289,pair_count_4,single,sc3_4:v,32484,65536,0,3,buckets=8; selectors=xor10_11:xor6_7:raw15:raw14
ex289,pair_count_4,single,sc3_4:mod3,32484,65536,0,3,buckets=8; selectors=xor10_11:xor6_7:raw15:raw14
ex289,pair_count_4,single,sc3_4:clip2,32484,65536,0,3,buckets=8; selectors=xor10_11:xor6_7:raw15:raw14
ex289,pair_count_4,single,s3:v,32460,65536,0,4,buckets=8; selectors=xor10_11:xor6_7:raw15:raw14
ex289,pair_count_4,single,c4z:v,32422,65536,0,2,buckets=8; selectors=xor10_11:xor6_7:raw15:raw14
ex289,pair_count_4,single,c4z:mod3,32422,65536,0,2,buckets=8; selectors=xor10_11:xor6_7:raw15:raw14
ex289,pair_count_4,single,c4z:clip2,32422,65536,0,2,buckets=8; selectors=xor10_11:xor6_7:raw15:raw14
ex289,pair_count_4,single,c4ge1:v,32422,65536,0,2,buckets=8; selectors=xor10_11:xor6_7:raw15:raw14
ex289,pair_count_4,single,c4ge1:mod3,32422,65536,0,2,buckets=8; selectors=xor10_11:xor6_7:raw15:raw14
ex289,pair_count_4,single,c4ge1:clip2,32422,65536,0,2,buckets=8; selectors=xor10_11:xor6_7:raw15:raw14
ex289,pair_count_4,single,c4:clip2,32422,65536,0,3,buckets=8; selectors=xor10_11:xor6_7:raw15:raw14
ex289,pair_count_4,single,c4:v,32422,65536,0,5,buckets=8; selectors=xor10_11:xor6_7:raw15:raw14
ex289,pair_count_4,pair,c4:mx2_3,33662,65536,0,25,buckets=8; selectors=xor10_11:xor6_7:raw15:raw14
ex289,pair_count_4,pair,c4:c2,33626,65536,0,25,buckets=8; selectors=xor10_11:xor6_7:raw15:raw14
ex289,pair_count_4,pair,c4:mx1_2,33592,65536,0,25,buckets=8; selectors=xor10_11:xor6_7:raw15:raw14
ex289,pair_count_4,pair,c4:mx0_2,33582,65536,0,25,buckets=8; selectors=xor10_11:xor6_7:raw15:raw14
ex289,pair_count_4,pair,c4:mx2_7,33578,65536,0,25,buckets=8; selectors=xor10_11:xor6_7:raw15:raw14
ex289,pair_count_4,pair,c4:mx2_5,33564,65536,0,25,buckets=8; selectors=xor10_11:xor6_7:raw15:raw14
ex289,pair_count_4,pair,c4:mx2_6,33546,65536,0,25,buckets=8; selectors=xor10_11:xor6_7:raw15:raw14
ex289,pair_count_4,pair,sc3_4:mx2_3,33494,65536,0,15,buckets=8; selectors=xor10_11:xor6_7:raw15:raw14
ex289,pair_count_4,pair,mx2_6:s4,33486,65536,0,20,buckets=8; selectors=xor10_11:xor6_7:raw15:raw14
ex289,pair_count_4,pair,c2:s4,33483,65536,0,20,buckets=8; selectors=xor10_11:xor6_7:raw15:raw14
ex289,pair_count_4,pair,mx2_5:s4,33478,65536,0,20,buckets=8; selectors=xor10_11:xor6_7:raw15:raw14
ex289,pair_count_4,pair,mx2_7:s4,33468,65536,0,20,buckets=8; selectors=xor10_11:xor6_7:raw15:raw14
ex289,pair_count_5,single,s3:v,32518,65536,0,4,buckets=8; selectors=xor10_11:xor6_7:raw15:raw14
ex289,pair_count_5,single,s3:mod3,32481,65536,0,3,buckets=8; selectors=xor10_11:xor6_7:raw15:raw14
ex289,pair_count_5,single,mx2_3:v,32464,65536,0,5,buckets=8; selectors=xor10_11:xor6_7:raw15:raw14
ex289,pair_count_5,single,sc3_4:v,32460,65536,0,3,buckets=8; selectors=xor10_11:xor6_7:raw15:raw14
ex289,pair_count_5,single,sc3_4:mod3,32460,65536,0,3,buckets=8; selectors=xor10_11:xor6_7:raw15:raw14
ex289,pair_count_5,single,sc3_4:clip2,32460,65536,0,3,buckets=8; selectors=xor10_11:xor6_7:raw15:raw14
ex289,pair_count_5,single,mx0_2:v,32458,65536,0,5,buckets=8; selectors=xor10_11:xor6_7:raw15:raw14
ex289,pair_count_5,single,mx2_7:v,32446,65536,0,5,buckets=8; selectors=xor10_11:xor6_7:raw15:raw14
ex289,pair_count_5,single,mx2_6:v,32446,65536,0,5,buckets=8; selectors=xor10_11:xor6_7:raw15:raw14
ex289,pair_count_5,single,mx2_5:v,32446,65536,0,5,buckets=8; selectors=xor10_11:xor6_7:raw15:raw14
ex289,pair_count_5,single,mx1_2:v,32446,65536,0,5,buckets=8; selectors=xor10_11:xor6_7:raw15:raw14
ex289,pair_count_5,single,c2:v,32446,65536,0,5,buckets=8; selectors=xor10_11:xor6_7:raw15:raw14
ex289,pair_count_5,pair,mx2_3:c4,33848,65536,0,25,buckets=8; selectors=xor10_11:xor6_7:raw15:raw14
ex289,pair_count_5,pair,c2:c4,33812,65536,0,25,buckets=8; selectors=xor10_11:xor6_7:raw15:raw14
ex289,pair_count_5,pair,mx0_2:c4,33788,65536,0,25,buckets=8; selectors=xor10_11:xor6_7:raw15:raw14
ex289,pair_count_5,pair,mx1_2:c4,33778,65536,0,25,buckets=8; selectors=xor10_11:xor6_7:raw15:raw14
ex289,pair_count_5,pair,mx2_6:c4,33772,65536,0,25,buckets=8; selectors=xor10_11:xor6_7:raw15:raw14
ex289,pair_count_5,pair,mx2_5:c4,33750,65536,0,25,buckets=8; selectors=xor10_11:xor6_7:raw15:raw14
ex289,pair_count_5,pair,mx2_7:c4,33740,65536,0,25,buckets=8; selectors=xor10_11:xor6_7:raw15:raw14
ex289,pair_count_5,pair,mx2_3:sc3_4,33575,65536,0,15,buckets=8; selectors=xor10_11:xor6_7:raw15:raw14
ex289,pair_count_5,pair,mx2_7:s4,33573,65536,0,20,buckets=8; selectors=xor10_11:xor6_7:raw15:raw14
ex289,pair_count_5,pair,c2:s4,33567,65536,0,20,buckets=8; selectors=xor10_11:xor6_7:raw15:raw14
ex289,pair_count_5,pair,mx2_6:s4,33555,65536,0,20,buckets=8; selectors=xor10_11:xor6_7:raw15:raw14
ex289,pair_count_5,pair,mx2_3:s4,33546,65536,0,20,buckets=8; selectors=xor10_11:xor6_7:raw15:raw14
ex289,pair_count_6,single,sc2_4:v,34507,65536,0,3,buckets=8; selectors=xor10_11:xor6_7:raw15:raw14
ex289,pair_count_6,single,sc2_4:mod3,34507,65536,0,3,buckets=8; selectors=xor10_11:xor6_7:raw15:raw14
ex289,pair_count_6,single,sc2_4:clip2,34507,65536,0,3,buckets=8; selectors=xor10_11:xor6_7:raw15:raw14
ex289,pair_count_6,single,mx2_4:clip2,34307,65536,0,3,buckets=8; selectors=xor10_11:xor6_7:raw15:raw14
ex289,pair_count_6,single,mx2_4:v,34307,65536,0,5,buckets=8; selectors=xor10_11:xor6_7:raw15:raw14
ex289,pair_count_6,single,p4:v,34139,65536,0,4,buckets=8; selectors=xor10_11:xor6_7:raw15:raw14
ex289,pair_count_6,single,p4:mod3,34131,65536,0,3,buckets=8; selectors=xor10_11:xor6_7:raw15:raw14
ex289,pair_count_6,single,s2:v,33967,65536,0,4,buckets=8; selectors=xor10_11:xor6_7:raw15:raw14
ex289,pair_count_6,single,s2:mod3,33963,65536,0,3,buckets=8; selectors=xor10_11:xor6_7:raw15:raw14
ex289,pair_count_6,single,p5:v,33925,65536,0,4,buckets=8; selectors=xor10_11:xor6_7:raw15:raw14
ex289,pair_count_6,single,p5:mod3,33923,65536,0,3,buckets=8; selectors=xor10_11:xor6_7:raw15:raw14
ex289,pair_count_6,single,sc4_5:v,33899,65536,0,3,buckets=8; selectors=xor10_11:xor6_7:raw15:raw14
ex289,pair_count_6,pair,sc2_4:p4,34581,65536,0,9,buckets=8; selectors=xor10_11:xor6_7:raw15:raw14
ex289,pair_count_6,pair,sc2_4:sc3_5,34578,65536,0,9,buckets=8; selectors=xor10_11:xor6_7:raw15:raw14
ex289,pair_count_6,pair,sc2_4:mx3_5,34578,65536,0,9,buckets=8; selectors=xor10_11:xor6_7:raw15:raw14
ex289,pair_count_6,pair,sc2_4:s2,34554,65536,0,9,buckets=8; selectors=xor10_11:xor6_7:raw15:raw14
ex289,pair_count_6,pair,sc2_4:p5,34546,65536,0,9,buckets=8; selectors=xor10_11:xor6_7:raw15:raw14
ex289,pair_count_6,pair,mx2_4:mx3_5,34525,65536,0,15,buckets=8; selectors=xor10_11:xor6_7:raw15:raw14
ex289,pair_count_6,pair,sc2_4:sc4_5,34516,65536,0,9,buckets=8; selectors=xor10_11:xor6_7:raw15:raw14
ex289,pair_count_6,pair,sc2_4:mx4_5,34516,65536,0,11,buckets=8; selectors=xor10_11:xor6_7:raw15:raw14
ex289,pair_count_6,pair,sc2_4:s4,34509,65536,0,12,buckets=8; selectors=xor10_11:xor6_7:raw15:raw14
ex289,pair_count_6,pair,sc2_4:sc2_4,34507,65536,0,3,buckets=8; selectors=xor10_11:xor6_7:raw15:raw14
ex289,pair_count_6,pair,sc2_4:mx2_4,34507,65536,0,6,buckets=8; selectors=xor10_11:xor6_7:raw15:raw14
ex289,pair_count_6,pair,mx2_4:mx4_5,34490,65536,0,18,buckets=8; selectors=xor10_11:xor6_7:raw15:raw14
ex289,pair_count_7,single,sc2_4:v,34536,65536,0,3,buckets=8; selectors=xor10_11:xor6_7:raw15:raw14
ex289,pair_count_7,single,sc2_4:mod3,34536,65536,0,3,buckets=8; selectors=xor10_11:xor6_7:raw15:raw14
ex289,pair_count_7,single,sc2_4:clip2,34536,65536,0,3,buckets=8; selectors=xor10_11:xor6_7:raw15:raw14
ex289,pair_count_7,single,mx2_4:clip2,34342,65536,0,3,buckets=8; selectors=xor10_11:xor6_7:raw15:raw14
ex289,pair_count_7,single,mx2_4:v,34342,65536,0,5,buckets=8; selectors=xor10_11:xor6_7:raw15:raw14
ex289,pair_count_7,single,s3:v,34151,65536,0,4,buckets=8; selectors=xor10_11:xor6_7:raw15:raw14
ex289,pair_count_7,single,p4:v,34120,65536,0,4,buckets=8; selectors=xor10_11:xor6_7:raw15:raw14
ex289,pair_count_7,single,s3:mod3,34118,65536,0,3,buckets=8; selectors=xor10_11:xor6_7:raw15:raw14
ex289,pair_count_7,single,p4:mod3,34112,65536,0,3,buckets=8; selectors=xor10_11:xor6_7:raw15:raw14
ex289,pair_count_7,single,s4:clip2,34106,65536,0,3,buckets=8; selectors=xor10_11:xor6_7:raw15:raw14
ex289,pair_count_7,single,s4:v,34106,65536,0,4,buckets=8; selectors=xor10_11:xor6_7:raw15:raw14
ex289,pair_count_7,single,s5:clip2,34094,65536,0,3,buckets=8; selectors=xor10_11:xor6_7:raw15:raw14
ex289,pair_count_7,pair,sc2_4:s5,34763,65536,0,12,buckets=8; selectors=xor10_11:xor6_7:raw15:raw14
ex289,pair_count_7,pair,s4:p2,34723,65536,0,16,buckets=8; selectors=xor10_11:xor6_7:raw15:raw14
ex289,pair_count_7,pair,sc2_4:p3,34707,65536,0,12,buckets=8; selectors=xor10_11:xor6_7:raw15:raw14
ex289,pair_count_7,pair,mx2_4:s5,34637,65536,0,20,buckets=8; selectors=xor10_11:xor6_7:raw15:raw14
ex289,pair_count_7,pair,sc2_4:p2,34635,65536,0,11,buckets=8; selectors=xor10_11:xor6_7:raw15:raw14
ex289,pair_count_7,pair,sc2_4:s3,34634,65536,0,12,buckets=8; selectors=xor10_11:xor6_7:raw15:raw14
ex289,pair_count_7,pair,sc2_4:p4,34622,65536,0,9,buckets=8; selectors=xor10_11:xor6_7:raw15:raw14
ex289,pair_count_7,pair,sc2_4:s4,34621,65536,0,12,buckets=8; selectors=xor10_11:xor6_7:raw15:raw14
ex289,pair_count_7,pair,sc2_4:s2,34596,65536,0,9,buckets=8; selectors=xor10_11:xor6_7:raw15:raw14
ex289,pair_count_7,pair,sc2_4:p5,34578,65536,0,9,buckets=8; selectors=xor10_11:xor6_7:raw15:raw14
ex289,pair_count_7,pair,s4:p3,34576,65536,0,16,buckets=8; selectors=xor10_11:xor6_7:raw15:raw14
ex289,pair_count_7,pair,p3:s4,34576,65536,0,16,buckets=8; selectors=xor10_11:xor6_7:raw15:raw14
