case,candidate_id,hypothesis,variant,verilog_path,aig_path,verified_truth,synthesized,equivalent,area,delay,adp,reference_adp,adp_ratio_to_reference,within_1p5_reference,beats_reference,runtime_sec,classification,notes
ex260,ex260_smul_baugh_wooley_wallace_center_hcla4_abc_g_aig,signed low4_high4:a*b,baugh_wooley_wallace_center_hcla4+abc_g_aig,student/work/ex260_ex264_frontend_smul_order_center_fix_20260609_0601/ex260/verilog/ex260_smul_baugh_wooley_wallace_center_hcla4.v,student/work/ex260_ex264_frontend_smul_order_center_fix_20260609_0601/ex260/aigs/ex260_smul_baugh_wooley_wallace_center_hcla4_abc_g_aig.aig,1,1,1,91,14,1274,657,1.939117,0,0,0.217,semantic_signed_mul_exact,exact signed low4 * signed high4 over 256 inputs; source=baugh_wooley_wallace_center_hcla4; flow=abc_g_aig
ex260,ex260_smul_baugh_wooley_wallace_center_hcla4_wreduce_abc_g_aig,signed low4_high4:a*b,baugh_wooley_wallace_center_hcla4+wreduce_abc_g_aig,student/work/ex260_ex264_frontend_smul_order_center_fix_20260609_0601/ex260/verilog/ex260_smul_baugh_wooley_wallace_center_hcla4.v,student/work/ex260_ex264_frontend_smul_order_center_fix_20260609_0601/ex260/aigs/ex260_smul_baugh_wooley_wallace_center_hcla4_wreduce_abc_g_aig.aig,1,1,1,91,14,1274,657,1.939117,0,0,0.218,semantic_signed_mul_exact,exact signed low4 * signed high4 over 256 inputs; source=baugh_wooley_wallace_center_hcla4; flow=wreduce_abc_g_aig
ex260,ex260_smul_baugh_wooley_wallace_center_hcla4_synth_preset_d13,signed low4_high4:a*b,baugh_wooley_wallace_center_hcla4+synth_preset_d13,student/work/ex260_ex264_frontend_smul_order_center_fix_20260609_0601/ex260/verilog/ex260_smul_baugh_wooley_wallace_center_hcla4.v,student/work/ex260_ex264_frontend_smul_order_center_fix_20260609_0601/ex260/aigs/ex260_smul_baugh_wooley_wallace_center_hcla4_synth_preset_d13.aig,1,1,1,90,14,1260,657,1.917808,0,0,0.256,semantic_signed_mul_exact,exact signed low4 * signed high4 over 256 inputs; source=baugh_wooley_wallace_center_hcla4; flow=synth_preset_d13
ex260,ex260_smul_baugh_wooley_wallace_center_rhcla3_abc_g_aig,signed low4_high4:a*b,baugh_wooley_wallace_center_rhcla3+abc_g_aig,student/work/ex260_ex264_frontend_smul_order_center_fix_20260609_0601/ex260/verilog/ex260_smul_baugh_wooley_wallace_center_rhcla3.v,student/work/ex260_ex264_frontend_smul_order_center_fix_20260609_0601/ex260/aigs/ex260_smul_baugh_wooley_wallace_center_rhcla3_abc_g_aig.aig,1,1,1,89,14,1246,657,1.896499,0,0,0.207,semantic_signed_mul_exact,exact signed low4 * signed high4 over 256 inputs; source=baugh_wooley_wallace_center_rhcla3; flow=abc_g_aig
ex260,ex260_smul_baugh_wooley_wallace_center_rhcla3_wreduce_abc_g_aig,signed low4_high4:a*b,baugh_wooley_wallace_center_rhcla3+wreduce_abc_g_aig,student/work/ex260_ex264_frontend_smul_order_center_fix_20260609_0601/ex260/verilog/ex260_smul_baugh_wooley_wallace_center_rhcla3.v,student/work/ex260_ex264_frontend_smul_order_center_fix_20260609_0601/ex260/aigs/ex260_smul_baugh_wooley_wallace_center_rhcla3_wreduce_abc_g_aig.aig,1,1,1,89,14,1246,657,1.896499,0,0,0.214,semantic_signed_mul_exact,exact signed low4 * signed high4 over 256 inputs; source=baugh_wooley_wallace_center_rhcla3; flow=wreduce_abc_g_aig
ex260,ex260_smul_baugh_wooley_wallace_center_rhcla3_synth_preset_d13,signed low4_high4:a*b,baugh_wooley_wallace_center_rhcla3+synth_preset_d13,student/work/ex260_ex264_frontend_smul_order_center_fix_20260609_0601/ex260/verilog/ex260_smul_baugh_wooley_wallace_center_rhcla3.v,student/work/ex260_ex264_frontend_smul_order_center_fix_20260609_0601/ex260/aigs/ex260_smul_baugh_wooley_wallace_center_rhcla3_synth_preset_d13.aig,1,1,1,90,14,1260,657,1.917808,0,0,0.265,semantic_signed_mul_exact,exact signed low4 * signed high4 over 256 inputs; source=baugh_wooley_wallace_center_rhcla3; flow=synth_preset_d13
ex260,ex260_smul_baugh_wooley_wallace_center_rhcla4_abc_g_aig,signed low4_high4:a*b,baugh_wooley_wallace_center_rhcla4+abc_g_aig,student/work/ex260_ex264_frontend_smul_order_center_fix_20260609_0601/ex260/verilog/ex260_smul_baugh_wooley_wallace_center_rhcla4.v,student/work/ex260_ex264_frontend_smul_order_center_fix_20260609_0601/ex260/aigs/ex260_smul_baugh_wooley_wallace_center_rhcla4_abc_g_aig.aig,1,1,1,90,14,1260,657,1.917808,0,0,0.203,semantic_signed_mul_exact,exact signed low4 * signed high4 over 256 inputs; source=baugh_wooley_wallace_center_rhcla4; flow=abc_g_aig
ex260,ex260_smul_baugh_wooley_wallace_center_rhcla4_wreduce_abc_g_aig,signed low4_high4:a*b,baugh_wooley_wallace_center_rhcla4+wreduce_abc_g_aig,student/work/ex260_ex264_frontend_smul_order_center_fix_20260609_0601/ex260/verilog/ex260_smul_baugh_wooley_wallace_center_rhcla4.v,student/work/ex260_ex264_frontend_smul_order_center_fix_20260609_0601/ex260/aigs/ex260_smul_baugh_wooley_wallace_center_rhcla4_wreduce_abc_g_aig.aig,1,1,1,90,14,1260,657,1.917808,0,0,0.206,semantic_signed_mul_exact,exact signed low4 * signed high4 over 256 inputs; source=baugh_wooley_wallace_center_rhcla4; flow=wreduce_abc_g_aig
ex260,ex260_smul_baugh_wooley_wallace_center_rhcla4_synth_preset_d13,signed low4_high4:a*b,baugh_wooley_wallace_center_rhcla4+synth_preset_d13,student/work/ex260_ex264_frontend_smul_order_center_fix_20260609_0601/ex260/verilog/ex260_smul_baugh_wooley_wallace_center_rhcla4.v,student/work/ex260_ex264_frontend_smul_order_center_fix_20260609_0601/ex260/aigs/ex260_smul_baugh_wooley_wallace_center_rhcla4_synth_preset_d13.aig,1,1,1,90,14,1260,657,1.917808,0,0,0.269,semantic_signed_mul_exact,exact signed low4 * signed high4 over 256 inputs; source=baugh_wooley_wallace_center_rhcla4; flow=synth_preset_d13
ex260,ex260_smul_baugh_wooley_wallace_evenodd_hcla4_abc_g_aig,signed low4_high4:a*b,baugh_wooley_wallace_evenodd_hcla4+abc_g_aig,student/work/ex260_ex264_frontend_smul_order_center_fix_20260609_0601/ex260/verilog/ex260_smul_baugh_wooley_wallace_evenodd_hcla4.v,student/work/ex260_ex264_frontend_smul_order_center_fix_20260609_0601/ex260/aigs/ex260_smul_baugh_wooley_wallace_evenodd_hcla4_abc_g_aig.aig,1,1,1,92,15,1380,657,2.100457,0,0,0.206,semantic_signed_mul_exact,exact signed low4 * signed high4 over 256 inputs; source=baugh_wooley_wallace_evenodd_hcla4; flow=abc_g_aig
ex260,ex260_smul_baugh_wooley_wallace_evenodd_hcla4_wreduce_abc_g_aig,signed low4_high4:a*b,baugh_wooley_wallace_evenodd_hcla4+wreduce_abc_g_aig,student/work/ex260_ex264_frontend_smul_order_center_fix_20260609_0601/ex260/verilog/ex260_smul_baugh_wooley_wallace_evenodd_hcla4.v,student/work/ex260_ex264_frontend_smul_order_center_fix_20260609_0601/ex260/aigs/ex260_smul_baugh_wooley_wallace_evenodd_hcla4_wreduce_abc_g_aig.aig,1,1,1,90,14,1260,657,1.917808,0,0,0.209,semantic_signed_mul_exact,exact signed low4 * signed high4 over 256 inputs; source=baugh_wooley_wallace_evenodd_hcla4; flow=wreduce_abc_g_aig
ex260,ex260_smul_baugh_wooley_wallace_evenodd_hcla4_synth_preset_d13,signed low4_high4:a*b,baugh_wooley_wallace_evenodd_hcla4+synth_preset_d13,student/work/ex260_ex264_frontend_smul_order_center_fix_20260609_0601/ex260/verilog/ex260_smul_baugh_wooley_wallace_evenodd_hcla4.v,student/work/ex260_ex264_frontend_smul_order_center_fix_20260609_0601/ex260/aigs/ex260_smul_baugh_wooley_wallace_evenodd_hcla4_synth_preset_d13.aig,1,1,1,91,14,1274,657,1.939117,0,0,0.251,semantic_signed_mul_exact,exact signed low4 * signed high4 over 256 inputs; source=baugh_wooley_wallace_evenodd_hcla4; flow=synth_preset_d13
ex260,ex260_smul_baugh_wooley_wallace_evenodd_rhcla4_abc_g_aig,signed low4_high4:a*b,baugh_wooley_wallace_evenodd_rhcla4+abc_g_aig,student/work/ex260_ex264_frontend_smul_order_center_fix_20260609_0601/ex260/verilog/ex260_smul_baugh_wooley_wallace_evenodd_rhcla4.v,student/work/ex260_ex264_frontend_smul_order_center_fix_20260609_0601/ex260/aigs/ex260_smul_baugh_wooley_wallace_evenodd_rhcla4_abc_g_aig.aig,1,1,1,91,14,1274,657,1.939117,0,0,0.201,semantic_signed_mul_exact,exact signed low4 * signed high4 over 256 inputs; source=baugh_wooley_wallace_evenodd_rhcla4; flow=abc_g_aig
ex260,ex260_smul_baugh_wooley_wallace_evenodd_rhcla4_wreduce_abc_g_aig,signed low4_high4:a*b,baugh_wooley_wallace_evenodd_rhcla4+wreduce_abc_g_aig,student/work/ex260_ex264_frontend_smul_order_center_fix_20260609_0601/ex260/verilog/ex260_smul_baugh_wooley_wallace_evenodd_rhcla4.v,student/work/ex260_ex264_frontend_smul_order_center_fix_20260609_0601/ex260/aigs/ex260_smul_baugh_wooley_wallace_evenodd_rhcla4_wreduce_abc_g_aig.aig,1,1,1,91,14,1274,657,1.939117,0,0,0.208,semantic_signed_mul_exact,exact signed low4 * signed high4 over 256 inputs; source=baugh_wooley_wallace_evenodd_rhcla4; flow=wreduce_abc_g_aig
ex260,ex260_smul_baugh_wooley_wallace_evenodd_rhcla4_synth_preset_d13,signed low4_high4:a*b,baugh_wooley_wallace_evenodd_rhcla4+synth_preset_d13,student/work/ex260_ex264_frontend_smul_order_center_fix_20260609_0601/ex260/verilog/ex260_smul_baugh_wooley_wallace_evenodd_rhcla4.v,student/work/ex260_ex264_frontend_smul_order_center_fix_20260609_0601/ex260/aigs/ex260_smul_baugh_wooley_wallace_evenodd_rhcla4_synth_preset_d13.aig,1,1,1,91,14,1274,657,1.939117,0,0,0.269,semantic_signed_mul_exact,exact signed low4 * signed high4 over 256 inputs; source=baugh_wooley_wallace_evenodd_rhcla4; flow=synth_preset_d13
ex260,ex260_smul_baugh_wooley_wallace_rev_hcla4_abc_g_aig,signed low4_high4:a*b,baugh_wooley_wallace_rev_hcla4+abc_g_aig,student/work/ex260_ex264_frontend_smul_order_center_fix_20260609_0601/ex260/verilog/ex260_smul_baugh_wooley_wallace_rev_hcla4.v,student/work/ex260_ex264_frontend_smul_order_center_fix_20260609_0601/ex260/aigs/ex260_smul_baugh_wooley_wallace_rev_hcla4_abc_g_aig.aig,1,1,1,88,13,1144,657,1.741248,0,0,0.201,semantic_signed_mul_exact,exact signed low4 * signed high4 over 256 inputs; source=baugh_wooley_wallace_rev_hcla4; flow=abc_g_aig
ex260,ex260_smul_baugh_wooley_wallace_rev_hcla4_wreduce_abc_g_aig,signed low4_high4:a*b,baugh_wooley_wallace_rev_hcla4+wreduce_abc_g_aig,student/work/ex260_ex264_frontend_smul_order_center_fix_20260609_0601/ex260/verilog/ex260_smul_baugh_wooley_wallace_rev_hcla4.v,student/work/ex260_ex264_frontend_smul_order_center_fix_20260609_0601/ex260/aigs/ex260_smul_baugh_wooley_wallace_rev_hcla4_wreduce_abc_g_aig.aig,1,1,1,88,13,1144,657,1.741248,0,0,0.230,semantic_signed_mul_exact,exact signed low4 * signed high4 over 256 inputs; source=baugh_wooley_wallace_rev_hcla4; flow=wreduce_abc_g_aig
ex260,ex260_smul_baugh_wooley_wallace_rev_hcla4_synth_preset_d13,signed low4_high4:a*b,baugh_wooley_wallace_rev_hcla4+synth_preset_d13,student/work/ex260_ex264_frontend_smul_order_center_fix_20260609_0601/ex260/verilog/ex260_smul_baugh_wooley_wallace_rev_hcla4.v,student/work/ex260_ex264_frontend_smul_order_center_fix_20260609_0601/ex260/aigs/ex260_smul_baugh_wooley_wallace_rev_hcla4_synth_preset_d13.aig,1,1,1,88,16,1408,657,2.143075,0,0,0.272,semantic_signed_mul_exact,exact signed low4 * signed high4 over 256 inputs; source=baugh_wooley_wallace_rev_hcla4; flow=synth_preset_d13
ex260,ex260_smul_baugh_wooley_wallace_outside_rhcla4_abc_g_aig,signed low4_high4:a*b,baugh_wooley_wallace_outside_rhcla4+abc_g_aig,student/work/ex260_ex264_frontend_smul_order_center_fix_20260609_0601/ex260/verilog/ex260_smul_baugh_wooley_wallace_outside_rhcla4.v,student/work/ex260_ex264_frontend_smul_order_center_fix_20260609_0601/ex260/aigs/ex260_smul_baugh_wooley_wallace_outside_rhcla4_abc_g_aig.aig,1,1,1,93,14,1302,657,1.981735,0,0,0.201,semantic_signed_mul_exact,exact signed low4 * signed high4 over 256 inputs; source=baugh_wooley_wallace_outside_rhcla4; flow=abc_g_aig
ex260,ex260_smul_baugh_wooley_wallace_outside_rhcla4_wreduce_abc_g_aig,signed low4_high4:a*b,baugh_wooley_wallace_outside_rhcla4+wreduce_abc_g_aig,student/work/ex260_ex264_frontend_smul_order_center_fix_20260609_0601/ex260/verilog/ex260_smul_baugh_wooley_wallace_outside_rhcla4.v,student/work/ex260_ex264_frontend_smul_order_center_fix_20260609_0601/ex260/aigs/ex260_smul_baugh_wooley_wallace_outside_rhcla4_wreduce_abc_g_aig.aig,1,1,1,93,14,1302,657,1.981735,0,0,0.200,semantic_signed_mul_exact,exact signed low4 * signed high4 over 256 inputs; source=baugh_wooley_wallace_outside_rhcla4; flow=wreduce_abc_g_aig
ex260,ex260_smul_baugh_wooley_wallace_outside_rhcla4_synth_preset_d13,signed low4_high4:a*b,baugh_wooley_wallace_outside_rhcla4+synth_preset_d13,student/work/ex260_ex264_frontend_smul_order_center_fix_20260609_0601/ex260/verilog/ex260_smul_baugh_wooley_wallace_outside_rhcla4.v,student/work/ex260_ex264_frontend_smul_order_center_fix_20260609_0601/ex260/aigs/ex260_smul_baugh_wooley_wallace_outside_rhcla4_synth_preset_d13.aig,1,1,1,93,14,1302,657,1.981735,0,0,0.265,semantic_signed_mul_exact,exact signed low4 * signed high4 over 256 inputs; source=baugh_wooley_wallace_outside_rhcla4; flow=synth_preset_d13
ex260,ex260_smul_baugh_wooley_wallace_rev_rhcla3_abc_g_aig,signed low4_high4:a*b,baugh_wooley_wallace_rev_rhcla3+abc_g_aig,student/work/ex260_ex264_frontend_smul_order_center_fix_20260609_0601/ex260/verilog/ex260_smul_baugh_wooley_wallace_rev_rhcla3.v,student/work/ex260_ex264_frontend_smul_order_center_fix_20260609_0601/ex260/aigs/ex260_smul_baugh_wooley_wallace_rev_rhcla3_abc_g_aig.aig,1,1,1,87,16,1392,657,2.118721,0,0,0.215,semantic_signed_mul_exact,exact signed low4 * signed high4 over 256 inputs; source=baugh_wooley_wallace_rev_rhcla3; flow=abc_g_aig
ex260,ex260_smul_baugh_wooley_wallace_rev_rhcla3_wreduce_abc_g_aig,signed low4_high4:a*b,baugh_wooley_wallace_rev_rhcla3+wreduce_abc_g_aig,student/work/ex260_ex264_frontend_smul_order_center_fix_20260609_0601/ex260/verilog/ex260_smul_baugh_wooley_wallace_rev_rhcla3.v,student/work/ex260_ex264_frontend_smul_order_center_fix_20260609_0601/ex260/aigs/ex260_smul_baugh_wooley_wallace_rev_rhcla3_wreduce_abc_g_aig.aig,1,1,1,87,16,1392,657,2.118721,0,0,0.200,semantic_signed_mul_exact,exact signed low4 * signed high4 over 256 inputs; source=baugh_wooley_wallace_rev_rhcla3; flow=wreduce_abc_g_aig
ex260,ex260_smul_baugh_wooley_wallace_rev_rhcla3_synth_preset_d13,signed low4_high4:a*b,baugh_wooley_wallace_rev_rhcla3+synth_preset_d13,student/work/ex260_ex264_frontend_smul_order_center_fix_20260609_0601/ex260/verilog/ex260_smul_baugh_wooley_wallace_rev_rhcla3.v,student/work/ex260_ex264_frontend_smul_order_center_fix_20260609_0601/ex260/aigs/ex260_smul_baugh_wooley_wallace_rev_rhcla3_synth_preset_d13.aig,1,1,1,88,14,1232,657,1.875190,0,0,0.266,semantic_signed_mul_exact,exact signed low4 * signed high4 over 256 inputs; source=baugh_wooley_wallace_rev_rhcla3; flow=synth_preset_d13
ex261,ex261_smul_baugh_wooley_wallace_center_hcla4_abc_g_aig,signed low5_high5:a*b,baugh_wooley_wallace_center_hcla4+abc_g_aig,student/work/ex260_ex264_frontend_smul_order_center_fix_20260609_0601/ex261/verilog/ex261_smul_baugh_wooley_wallace_center_hcla4.v,student/work/ex260_ex264_frontend_smul_order_center_fix_20260609_0601/ex261/aigs/ex261_smul_baugh_wooley_wallace_center_hcla4_abc_g_aig.aig,1,1,1,165,19,3135,2041,1.536012,0,0,0.241,semantic_signed_mul_exact,exact signed low5 * signed high5 over 1024 inputs; source=baugh_wooley_wallace_center_hcla4; flow=abc_g_aig
ex261,ex261_smul_baugh_wooley_wallace_center_hcla4_wreduce_abc_g_aig,signed low5_high5:a*b,baugh_wooley_wallace_center_hcla4+wreduce_abc_g_aig,student/work/ex260_ex264_frontend_smul_order_center_fix_20260609_0601/ex261/verilog/ex261_smul_baugh_wooley_wallace_center_hcla4.v,student/work/ex260_ex264_frontend_smul_order_center_fix_20260609_0601/ex261/aigs/ex261_smul_baugh_wooley_wallace_center_hcla4_wreduce_abc_g_aig.aig,1,1,1,165,19,3135,2041,1.536012,0,0,0.251,semantic_signed_mul_exact,exact signed low5 * signed high5 over 1024 inputs; source=baugh_wooley_wallace_center_hcla4; flow=wreduce_abc_g_aig
ex261,ex261_smul_baugh_wooley_wallace_center_hcla4_synth_preset_d13,signed low5_high5:a*b,baugh_wooley_wallace_center_hcla4+synth_preset_d13,student/work/ex260_ex264_frontend_smul_order_center_fix_20260609_0601/ex261/verilog/ex261_smul_baugh_wooley_wallace_center_hcla4.v,student/work/ex260_ex264_frontend_smul_order_center_fix_20260609_0601/ex261/aigs/ex261_smul_baugh_wooley_wallace_center_hcla4_synth_preset_d13.aig,1,1,1,167,19,3173,2041,1.554630,0,0,0.313,semantic_signed_mul_exact,exact signed low5 * signed high5 over 1024 inputs; source=baugh_wooley_wallace_center_hcla4; flow=synth_preset_d13
ex261,ex261_smul_baugh_wooley_wallace_center_rhcla3_abc_g_aig,signed low5_high5:a*b,baugh_wooley_wallace_center_rhcla3+abc_g_aig,student/work/ex260_ex264_frontend_smul_order_center_fix_20260609_0601/ex261/verilog/ex261_smul_baugh_wooley_wallace_center_rhcla3.v,student/work/ex260_ex264_frontend_smul_order_center_fix_20260609_0601/ex261/aigs/ex261_smul_baugh_wooley_wallace_center_rhcla3_abc_g_aig.aig,1,1,1,161,19,3059,2041,1.498775,1,0,0.234,semantic_signed_mul_exact,exact signed low5 * signed high5 over 1024 inputs; source=baugh_wooley_wallace_center_rhcla3; flow=abc_g_aig
ex261,ex261_smul_baugh_wooley_wallace_center_rhcla3_wreduce_abc_g_aig,signed low5_high5:a*b,baugh_wooley_wallace_center_rhcla3+wreduce_abc_g_aig,student/work/ex260_ex264_frontend_smul_order_center_fix_20260609_0601/ex261/verilog/ex261_smul_baugh_wooley_wallace_center_rhcla3.v,student/work/ex260_ex264_frontend_smul_order_center_fix_20260609_0601/ex261/aigs/ex261_smul_baugh_wooley_wallace_center_rhcla3_wreduce_abc_g_aig.aig,1,1,1,160,20,3200,2041,1.567859,0,0,0.240,semantic_signed_mul_exact,exact signed low5 * signed high5 over 1024 inputs; source=baugh_wooley_wallace_center_rhcla3; flow=wreduce_abc_g_aig
ex261,ex261_smul_baugh_wooley_wallace_center_rhcla3_synth_preset_d13,signed low5_high5:a*b,baugh_wooley_wallace_center_rhcla3+synth_preset_d13,student/work/ex260_ex264_frontend_smul_order_center_fix_20260609_0601/ex261/verilog/ex261_smul_baugh_wooley_wallace_center_rhcla3.v,student/work/ex260_ex264_frontend_smul_order_center_fix_20260609_0601/ex261/aigs/ex261_smul_baugh_wooley_wallace_center_rhcla3_synth_preset_d13.aig,1,1,1,166,19,3154,2041,1.545321,0,0,0.308,semantic_signed_mul_exact,exact signed low5 * signed high5 over 1024 inputs; source=baugh_wooley_wallace_center_rhcla3; flow=synth_preset_d13
ex261,ex261_smul_baugh_wooley_wallace_center_rhcla4_abc_g_aig,signed low5_high5:a*b,baugh_wooley_wallace_center_rhcla4+abc_g_aig,student/work/ex260_ex264_frontend_smul_order_center_fix_20260609_0601/ex261/verilog/ex261_smul_baugh_wooley_wallace_center_rhcla4.v,student/work/ex260_ex264_frontend_smul_order_center_fix_20260609_0601/ex261/aigs/ex261_smul_baugh_wooley_wallace_center_rhcla4_abc_g_aig.aig,1,1,1,165,18,2970,2041,1.455169,1,0,0.232,semantic_signed_mul_exact,exact signed low5 * signed high5 over 1024 inputs; source=baugh_wooley_wallace_center_rhcla4; flow=abc_g_aig
ex261,ex261_smul_baugh_wooley_wallace_center_rhcla4_wreduce_abc_g_aig,signed low5_high5:a*b,baugh_wooley_wallace_center_rhcla4+wreduce_abc_g_aig,student/work/ex260_ex264_frontend_smul_order_center_fix_20260609_0601/ex261/verilog/ex261_smul_baugh_wooley_wallace_center_rhcla4.v,student/work/ex260_ex264_frontend_smul_order_center_fix_20260609_0601/ex261/aigs/ex261_smul_baugh_wooley_wallace_center_rhcla4_wreduce_abc_g_aig.aig,1,1,1,164,19,3116,2041,1.526703,0,0,0.240,semantic_signed_mul_exact,exact signed low5 * signed high5 over 1024 inputs; source=baugh_wooley_wallace_center_rhcla4; flow=wreduce_abc_g_aig
ex261,ex261_smul_baugh_wooley_wallace_center_rhcla4_synth_preset_d13,signed low5_high5:a*b,baugh_wooley_wallace_center_rhcla4+synth_preset_d13,student/work/ex260_ex264_frontend_smul_order_center_fix_20260609_0601/ex261/verilog/ex261_smul_baugh_wooley_wallace_center_rhcla4.v,student/work/ex260_ex264_frontend_smul_order_center_fix_20260609_0601/ex261/aigs/ex261_smul_baugh_wooley_wallace_center_rhcla4_synth_preset_d13.aig,1,1,1,165,19,3135,2041,1.536012,0,0,0.309,semantic_signed_mul_exact,exact signed low5 * signed high5 over 1024 inputs; source=baugh_wooley_wallace_center_rhcla4; flow=synth_preset_d13
ex261,ex261_smul_baugh_wooley_wallace_evenodd_hcla4_abc_g_aig,signed low5_high5:a*b,baugh_wooley_wallace_evenodd_hcla4+abc_g_aig,student/work/ex260_ex264_frontend_smul_order_center_fix_20260609_0601/ex261/verilog/ex261_smul_baugh_wooley_wallace_evenodd_hcla4.v,student/work/ex260_ex264_frontend_smul_order_center_fix_20260609_0601/ex261/aigs/ex261_smul_baugh_wooley_wallace_evenodd_hcla4_abc_g_aig.aig,1,1,1,164,18,2952,2041,1.446350,1,0,0.237,semantic_signed_mul_exact,exact signed low5 * signed high5 over 1024 inputs; source=baugh_wooley_wallace_evenodd_hcla4; flow=abc_g_aig
ex261,ex261_smul_baugh_wooley_wallace_evenodd_hcla4_wreduce_abc_g_aig,signed low5_high5:a*b,baugh_wooley_wallace_evenodd_hcla4+wreduce_abc_g_aig,student/work/ex260_ex264_frontend_smul_order_center_fix_20260609_0601/ex261/verilog/ex261_smul_baugh_wooley_wallace_evenodd_hcla4.v,student/work/ex260_ex264_frontend_smul_order_center_fix_20260609_0601/ex261/aigs/ex261_smul_baugh_wooley_wallace_evenodd_hcla4_wreduce_abc_g_aig.aig,1,1,1,164,18,2952,2041,1.446350,1,0,0.241,semantic_signed_mul_exact,exact signed low5 * signed high5 over 1024 inputs; source=baugh_wooley_wallace_evenodd_hcla4; flow=wreduce_abc_g_aig
ex261,ex261_smul_baugh_wooley_wallace_evenodd_hcla4_synth_preset_d13,signed low5_high5:a*b,baugh_wooley_wallace_evenodd_hcla4+synth_preset_d13,student/work/ex260_ex264_frontend_smul_order_center_fix_20260609_0601/ex261/verilog/ex261_smul_baugh_wooley_wallace_evenodd_hcla4.v,student/work/ex260_ex264_frontend_smul_order_center_fix_20260609_0601/ex261/aigs/ex261_smul_baugh_wooley_wallace_evenodd_hcla4_synth_preset_d13.aig,1,1,1,165,18,2970,2041,1.455169,1,0,0.343,semantic_signed_mul_exact,exact signed low5 * signed high5 over 1024 inputs; source=baugh_wooley_wallace_evenodd_hcla4; flow=synth_preset_d13
ex261,ex261_smul_baugh_wooley_wallace_evenodd_rhcla4_abc_g_aig,signed low5_high5:a*b,baugh_wooley_wallace_evenodd_rhcla4+abc_g_aig,student/work/ex260_ex264_frontend_smul_order_center_fix_20260609_0601/ex261/verilog/ex261_smul_baugh_wooley_wallace_evenodd_rhcla4.v,student/work/ex260_ex264_frontend_smul_order_center_fix_20260609_0601/ex261/aigs/ex261_smul_baugh_wooley_wallace_evenodd_rhcla4_abc_g_aig.aig,1,1,1,162,20,3240,2041,1.587457,0,0,0.226,semantic_signed_mul_exact,exact signed low5 * signed high5 over 1024 inputs; source=baugh_wooley_wallace_evenodd_rhcla4; flow=abc_g_aig
ex261,ex261_smul_baugh_wooley_wallace_evenodd_rhcla4_wreduce_abc_g_aig,signed low5_high5:a*b,baugh_wooley_wallace_evenodd_rhcla4+wreduce_abc_g_aig,student/work/ex260_ex264_frontend_smul_order_center_fix_20260609_0601/ex261/verilog/ex261_smul_baugh_wooley_wallace_evenodd_rhcla4.v,student/work/ex260_ex264_frontend_smul_order_center_fix_20260609_0601/ex261/aigs/ex261_smul_baugh_wooley_wallace_evenodd_rhcla4_wreduce_abc_g_aig.aig,1,1,1,162,20,3240,2041,1.587457,0,0,0.230,semantic_signed_mul_exact,exact signed low5 * signed high5 over 1024 inputs; source=baugh_wooley_wallace_evenodd_rhcla4; flow=wreduce_abc_g_aig
ex261,ex261_smul_baugh_wooley_wallace_evenodd_rhcla4_synth_preset_d13,signed low5_high5:a*b,baugh_wooley_wallace_evenodd_rhcla4+synth_preset_d13,student/work/ex260_ex264_frontend_smul_order_center_fix_20260609_0601/ex261/verilog/ex261_smul_baugh_wooley_wallace_evenodd_rhcla4.v,student/work/ex260_ex264_frontend_smul_order_center_fix_20260609_0601/ex261/aigs/ex261_smul_baugh_wooley_wallace_evenodd_rhcla4_synth_preset_d13.aig,1,1,1,164,19,3116,2041,1.526703,0,0,0.301,semantic_signed_mul_exact,exact signed low5 * signed high5 over 1024 inputs; source=baugh_wooley_wallace_evenodd_rhcla4; flow=synth_preset_d13
ex261,ex261_smul_baugh_wooley_wallace_rev_hcla4_abc_g_aig,signed low5_high5:a*b,baugh_wooley_wallace_rev_hcla4+abc_g_aig,student/work/ex260_ex264_frontend_smul_order_center_fix_20260609_0601/ex261/verilog/ex261_smul_baugh_wooley_wallace_rev_hcla4.v,student/work/ex260_ex264_frontend_smul_order_center_fix_20260609_0601/ex261/aigs/ex261_smul_baugh_wooley_wallace_rev_hcla4_abc_g_aig.aig,1,1,1,163,20,3260,2041,1.597256,0,0,0.247,semantic_signed_mul_exact,exact signed low5 * signed high5 over 1024 inputs; source=baugh_wooley_wallace_rev_hcla4; flow=abc_g_aig
ex261,ex261_smul_baugh_wooley_wallace_rev_hcla4_wreduce_abc_g_aig,signed low5_high5:a*b,baugh_wooley_wallace_rev_hcla4+wreduce_abc_g_aig,student/work/ex260_ex264_frontend_smul_order_center_fix_20260609_0601/ex261/verilog/ex261_smul_baugh_wooley_wallace_rev_hcla4.v,student/work/ex260_ex264_frontend_smul_order_center_fix_20260609_0601/ex261/aigs/ex261_smul_baugh_wooley_wallace_rev_hcla4_wreduce_abc_g_aig.aig,1,1,1,163,20,3260,2041,1.597256,0,0,0.250,semantic_signed_mul_exact,exact signed low5 * signed high5 over 1024 inputs; source=baugh_wooley_wallace_rev_hcla4; flow=wreduce_abc_g_aig
ex261,ex261_smul_baugh_wooley_wallace_rev_hcla4_synth_preset_d13,signed low5_high5:a*b,baugh_wooley_wallace_rev_hcla4+synth_preset_d13,student/work/ex260_ex264_frontend_smul_order_center_fix_20260609_0601/ex261/verilog/ex261_smul_baugh_wooley_wallace_rev_hcla4.v,student/work/ex260_ex264_frontend_smul_order_center_fix_20260609_0601/ex261/aigs/ex261_smul_baugh_wooley_wallace_rev_hcla4_synth_preset_d13.aig,1,1,1,158,21,3318,2041,1.625674,0,0,0.324,semantic_signed_mul_exact,exact signed low5 * signed high5 over 1024 inputs; source=baugh_wooley_wallace_rev_hcla4; flow=synth_preset_d13
ex261,ex261_smul_baugh_wooley_wallace_outside_rhcla4_abc_g_aig,signed low5_high5:a*b,baugh_wooley_wallace_outside_rhcla4+abc_g_aig,student/work/ex260_ex264_frontend_smul_order_center_fix_20260609_0601/ex261/verilog/ex261_smul_baugh_wooley_wallace_outside_rhcla4.v,student/work/ex260_ex264_frontend_smul_order_center_fix_20260609_0601/ex261/aigs/ex261_smul_baugh_wooley_wallace_outside_rhcla4_abc_g_aig.aig,1,1,1,164,19,3116,2041,1.526703,0,0,0.231,semantic_signed_mul_exact,exact signed low5 * signed high5 over 1024 inputs; source=baugh_wooley_wallace_outside_rhcla4; flow=abc_g_aig
ex261,ex261_smul_baugh_wooley_wallace_outside_rhcla4_wreduce_abc_g_aig,signed low5_high5:a*b,baugh_wooley_wallace_outside_rhcla4+wreduce_abc_g_aig,student/work/ex260_ex264_frontend_smul_order_center_fix_20260609_0601/ex261/verilog/ex261_smul_baugh_wooley_wallace_outside_rhcla4.v,student/work/ex260_ex264_frontend_smul_order_center_fix_20260609_0601/ex261/aigs/ex261_smul_baugh_wooley_wallace_outside_rhcla4_wreduce_abc_g_aig.aig,1,1,1,164,19,3116,2041,1.526703,0,0,0.237,semantic_signed_mul_exact,exact signed low5 * signed high5 over 1024 inputs; source=baugh_wooley_wallace_outside_rhcla4; flow=wreduce_abc_g_aig
ex261,ex261_smul_baugh_wooley_wallace_outside_rhcla4_synth_preset_d13,signed low5_high5:a*b,baugh_wooley_wallace_outside_rhcla4+synth_preset_d13,student/work/ex260_ex264_frontend_smul_order_center_fix_20260609_0601/ex261/verilog/ex261_smul_baugh_wooley_wallace_outside_rhcla4.v,student/work/ex260_ex264_frontend_smul_order_center_fix_20260609_0601/ex261/aigs/ex261_smul_baugh_wooley_wallace_outside_rhcla4_synth_preset_d13.aig,1,1,1,159,20,3180,2041,1.558060,0,0,0.280,semantic_signed_mul_exact,exact signed low5 * signed high5 over 1024 inputs; source=baugh_wooley_wallace_outside_rhcla4; flow=synth_preset_d13
ex261,ex261_smul_baugh_wooley_wallace_rev_rhcla3_abc_g_aig,signed low5_high5:a*b,baugh_wooley_wallace_rev_rhcla3+abc_g_aig,student/work/ex260_ex264_frontend_smul_order_center_fix_20260609_0601/ex261/verilog/ex261_smul_baugh_wooley_wallace_rev_rhcla3.v,student/work/ex260_ex264_frontend_smul_order_center_fix_20260609_0601/ex261/aigs/ex261_smul_baugh_wooley_wallace_rev_rhcla3_abc_g_aig.aig,1,1,1,167,20,3340,2041,1.636453,0,0,0.237,semantic_signed_mul_exact,exact signed low5 * signed high5 over 1024 inputs; source=baugh_wooley_wallace_rev_rhcla3; flow=abc_g_aig
ex261,ex261_smul_baugh_wooley_wallace_rev_rhcla3_wreduce_abc_g_aig,signed low5_high5:a*b,baugh_wooley_wallace_rev_rhcla3+wreduce_abc_g_aig,student/work/ex260_ex264_frontend_smul_order_center_fix_20260609_0601/ex261/verilog/ex261_smul_baugh_wooley_wallace_rev_rhcla3.v,student/work/ex260_ex264_frontend_smul_order_center_fix_20260609_0601/ex261/aigs/ex261_smul_baugh_wooley_wallace_rev_rhcla3_wreduce_abc_g_aig.aig,1,1,1,165,20,3300,2041,1.616854,0,0,0.245,semantic_signed_mul_exact,exact signed low5 * signed high5 over 1024 inputs; source=baugh_wooley_wallace_rev_rhcla3; flow=wreduce_abc_g_aig
ex261,ex261_smul_baugh_wooley_wallace_rev_rhcla3_synth_preset_d13,signed low5_high5:a*b,baugh_wooley_wallace_rev_rhcla3+synth_preset_d13,student/work/ex260_ex264_frontend_smul_order_center_fix_20260609_0601/ex261/verilog/ex261_smul_baugh_wooley_wallace_rev_rhcla3.v,student/work/ex260_ex264_frontend_smul_order_center_fix_20260609_0601/ex261/aigs/ex261_smul_baugh_wooley_wallace_rev_rhcla3_synth_preset_d13.aig,1,1,1,160,20,3200,2041,1.567859,0,0,0.317,semantic_signed_mul_exact,exact signed low5 * signed high5 over 1024 inputs; source=baugh_wooley_wallace_rev_rhcla3; flow=synth_preset_d13
ex263,ex263_smul_baugh_wooley_wallace_center_hcla4_abc_g_aig,signed low7_high7:a*b,baugh_wooley_wallace_center_hcla4+abc_g_aig,student/work/ex260_ex264_frontend_smul_order_center_fix_20260609_0601/ex263/verilog/ex263_smul_baugh_wooley_wallace_center_hcla4.v,student/work/ex260_ex264_frontend_smul_order_center_fix_20260609_0601/ex263/aigs/ex263_smul_baugh_wooley_wallace_center_hcla4_abc_g_aig.aig,1,1,1,362,25,9050,6840,1.323099,1,0,0.512,semantic_signed_mul_exact,exact signed low7 * signed high7 over 16384 inputs; source=baugh_wooley_wallace_center_hcla4; flow=abc_g_aig
ex263,ex263_smul_baugh_wooley_wallace_center_hcla4_wreduce_abc_g_aig,signed low7_high7:a*b,baugh_wooley_wallace_center_hcla4+wreduce_abc_g_aig,student/work/ex260_ex264_frontend_smul_order_center_fix_20260609_0601/ex263/verilog/ex263_smul_baugh_wooley_wallace_center_hcla4.v,student/work/ex260_ex264_frontend_smul_order_center_fix_20260609_0601/ex263/aigs/ex263_smul_baugh_wooley_wallace_center_hcla4_wreduce_abc_g_aig.aig,1,1,1,362,25,9050,6840,1.323099,1,0,0.521,semantic_signed_mul_exact,exact signed low7 * signed high7 over 16384 inputs; source=baugh_wooley_wallace_center_hcla4; flow=wreduce_abc_g_aig
ex263,ex263_smul_baugh_wooley_wallace_center_hcla4_synth_preset_d13,signed low7_high7:a*b,baugh_wooley_wallace_center_hcla4+synth_preset_d13,student/work/ex260_ex264_frontend_smul_order_center_fix_20260609_0601/ex263/verilog/ex263_smul_baugh_wooley_wallace_center_hcla4.v,student/work/ex260_ex264_frontend_smul_order_center_fix_20260609_0601/ex263/aigs/ex263_smul_baugh_wooley_wallace_center_hcla4_synth_preset_d13.aig,1,1,1,363,25,9075,6840,1.326754,1,0,0.647,semantic_signed_mul_exact,exact signed low7 * signed high7 over 16384 inputs; source=baugh_wooley_wallace_center_hcla4; flow=synth_preset_d13
ex263,ex263_smul_baugh_wooley_wallace_center_rhcla3_abc_g_aig,signed low7_high7:a*b,baugh_wooley_wallace_center_rhcla3+abc_g_aig,student/work/ex260_ex264_frontend_smul_order_center_fix_20260609_0601/ex263/verilog/ex263_smul_baugh_wooley_wallace_center_rhcla3.v,student/work/ex260_ex264_frontend_smul_order_center_fix_20260609_0601/ex263/aigs/ex263_smul_baugh_wooley_wallace_center_rhcla3_abc_g_aig.aig,1,1,1,366,25,9150,6840,1.337719,1,0,0.514,semantic_signed_mul_exact,exact signed low7 * signed high7 over 16384 inputs; source=baugh_wooley_wallace_center_rhcla3; flow=abc_g_aig
ex263,ex263_smul_baugh_wooley_wallace_center_rhcla3_wreduce_abc_g_aig,signed low7_high7:a*b,baugh_wooley_wallace_center_rhcla3+wreduce_abc_g_aig,student/work/ex260_ex264_frontend_smul_order_center_fix_20260609_0601/ex263/verilog/ex263_smul_baugh_wooley_wallace_center_rhcla3.v,student/work/ex260_ex264_frontend_smul_order_center_fix_20260609_0601/ex263/aigs/ex263_smul_baugh_wooley_wallace_center_rhcla3_wreduce_abc_g_aig.aig,1,1,1,359,27,9693,6840,1.417105,1,0,0.525,semantic_signed_mul_exact,exact signed low7 * signed high7 over 16384 inputs; source=baugh_wooley_wallace_center_rhcla3; flow=wreduce_abc_g_aig
ex263,ex263_smul_baugh_wooley_wallace_center_rhcla3_synth_preset_d13,signed low7_high7:a*b,baugh_wooley_wallace_center_rhcla3+synth_preset_d13,student/work/ex260_ex264_frontend_smul_order_center_fix_20260609_0601/ex263/verilog/ex263_smul_baugh_wooley_wallace_center_rhcla3.v,student/work/ex260_ex264_frontend_smul_order_center_fix_20260609_0601/ex263/aigs/ex263_smul_baugh_wooley_wallace_center_rhcla3_synth_preset_d13.aig,1,1,1,363,25,9075,6840,1.326754,1,0,0.649,semantic_signed_mul_exact,exact signed low7 * signed high7 over 16384 inputs; source=baugh_wooley_wallace_center_rhcla3; flow=synth_preset_d13
ex263,ex263_smul_baugh_wooley_wallace_center_rhcla4_abc_g_aig,signed low7_high7:a*b,baugh_wooley_wallace_center_rhcla4+abc_g_aig,student/work/ex260_ex264_frontend_smul_order_center_fix_20260609_0601/ex263/verilog/ex263_smul_baugh_wooley_wallace_center_rhcla4.v,student/work/ex260_ex264_frontend_smul_order_center_fix_20260609_0601/ex263/aigs/ex263_smul_baugh_wooley_wallace_center_rhcla4_abc_g_aig.aig,1,1,1,359,26,9334,6840,1.364620,1,0,0.509,semantic_signed_mul_exact,exact signed low7 * signed high7 over 16384 inputs; source=baugh_wooley_wallace_center_rhcla4; flow=abc_g_aig
ex263,ex263_smul_baugh_wooley_wallace_center_rhcla4_wreduce_abc_g_aig,signed low7_high7:a*b,baugh_wooley_wallace_center_rhcla4+wreduce_abc_g_aig,student/work/ex260_ex264_frontend_smul_order_center_fix_20260609_0601/ex263/verilog/ex263_smul_baugh_wooley_wallace_center_rhcla4.v,student/work/ex260_ex264_frontend_smul_order_center_fix_20260609_0601/ex263/aigs/ex263_smul_baugh_wooley_wallace_center_rhcla4_wreduce_abc_g_aig.aig,1,1,1,359,26,9334,6840,1.364620,1,0,0.521,semantic_signed_mul_exact,exact signed low7 * signed high7 over 16384 inputs; source=baugh_wooley_wallace_center_rhcla4; flow=wreduce_abc_g_aig
ex263,ex263_smul_baugh_wooley_wallace_center_rhcla4_synth_preset_d13,signed low7_high7:a*b,baugh_wooley_wallace_center_rhcla4+synth_preset_d13,student/work/ex260_ex264_frontend_smul_order_center_fix_20260609_0601/ex263/verilog/ex263_smul_baugh_wooley_wallace_center_rhcla4.v,student/work/ex260_ex264_frontend_smul_order_center_fix_20260609_0601/ex263/aigs/ex263_smul_baugh_wooley_wallace_center_rhcla4_synth_preset_d13.aig,1,1,1,362,25,9050,6840,1.323099,1,0,0.656,semantic_signed_mul_exact,exact signed low7 * signed high7 over 16384 inputs; source=baugh_wooley_wallace_center_rhcla4; flow=synth_preset_d13
ex263,ex263_smul_baugh_wooley_wallace_evenodd_hcla4_abc_g_aig,signed low7_high7:a*b,baugh_wooley_wallace_evenodd_hcla4+abc_g_aig,student/work/ex260_ex264_frontend_smul_order_center_fix_20260609_0601/ex263/verilog/ex263_smul_baugh_wooley_wallace_evenodd_hcla4.v,student/work/ex260_ex264_frontend_smul_order_center_fix_20260609_0601/ex263/aigs/ex263_smul_baugh_wooley_wallace_evenodd_hcla4_abc_g_aig.aig,1,1,1,357,26,9282,6840,1.357018,1,0,0.515,semantic_signed_mul_exact,exact signed low7 * signed high7 over 16384 inputs; source=baugh_wooley_wallace_evenodd_hcla4; flow=abc_g_aig
ex263,ex263_smul_baugh_wooley_wallace_evenodd_hcla4_wreduce_abc_g_aig,signed low7_high7:a*b,baugh_wooley_wallace_evenodd_hcla4+wreduce_abc_g_aig,student/work/ex260_ex264_frontend_smul_order_center_fix_20260609_0601/ex263/verilog/ex263_smul_baugh_wooley_wallace_evenodd_hcla4.v,student/work/ex260_ex264_frontend_smul_order_center_fix_20260609_0601/ex263/aigs/ex263_smul_baugh_wooley_wallace_evenodd_hcla4_wreduce_abc_g_aig.aig,1,1,1,357,26,9282,6840,1.357018,1,0,0.527,semantic_signed_mul_exact,exact signed low7 * signed high7 over 16384 inputs; source=baugh_wooley_wallace_evenodd_hcla4; flow=wreduce_abc_g_aig
ex263,ex263_smul_baugh_wooley_wallace_evenodd_hcla4_synth_preset_d13,signed low7_high7:a*b,baugh_wooley_wallace_evenodd_hcla4+synth_preset_d13,student/work/ex260_ex264_frontend_smul_order_center_fix_20260609_0601/ex263/verilog/ex263_smul_baugh_wooley_wallace_evenodd_hcla4.v,student/work/ex260_ex264_frontend_smul_order_center_fix_20260609_0601/ex263/aigs/ex263_smul_baugh_wooley_wallace_evenodd_hcla4_synth_preset_d13.aig,1,1,1,357,26,9282,6840,1.357018,1,0,0.636,semantic_signed_mul_exact,exact signed low7 * signed high7 over 16384 inputs; source=baugh_wooley_wallace_evenodd_hcla4; flow=synth_preset_d13
ex263,ex263_smul_baugh_wooley_wallace_evenodd_rhcla4_abc_g_aig,signed low7_high7:a*b,baugh_wooley_wallace_evenodd_rhcla4+abc_g_aig,student/work/ex260_ex264_frontend_smul_order_center_fix_20260609_0601/ex263/verilog/ex263_smul_baugh_wooley_wallace_evenodd_rhcla4.v,student/work/ex260_ex264_frontend_smul_order_center_fix_20260609_0601/ex263/aigs/ex263_smul_baugh_wooley_wallace_evenodd_rhcla4_abc_g_aig.aig,1,1,1,356,26,9256,6840,1.353216,1,0,0.507,semantic_signed_mul_exact,exact signed low7 * signed high7 over 16384 inputs; source=baugh_wooley_wallace_evenodd_rhcla4; flow=abc_g_aig
ex263,ex263_smul_baugh_wooley_wallace_evenodd_rhcla4_wreduce_abc_g_aig,signed low7_high7:a*b,baugh_wooley_wallace_evenodd_rhcla4+wreduce_abc_g_aig,student/work/ex260_ex264_frontend_smul_order_center_fix_20260609_0601/ex263/verilog/ex263_smul_baugh_wooley_wallace_evenodd_rhcla4.v,student/work/ex260_ex264_frontend_smul_order_center_fix_20260609_0601/ex263/aigs/ex263_smul_baugh_wooley_wallace_evenodd_rhcla4_wreduce_abc_g_aig.aig,1,1,1,356,26,9256,6840,1.353216,1,0,0.515,semantic_signed_mul_exact,exact signed low7 * signed high7 over 16384 inputs; source=baugh_wooley_wallace_evenodd_rhcla4; flow=wreduce_abc_g_aig
ex263,ex263_smul_baugh_wooley_wallace_evenodd_rhcla4_synth_preset_d13,signed low7_high7:a*b,baugh_wooley_wallace_evenodd_rhcla4+synth_preset_d13,student/work/ex260_ex264_frontend_smul_order_center_fix_20260609_0601/ex263/verilog/ex263_smul_baugh_wooley_wallace_evenodd_rhcla4.v,student/work/ex260_ex264_frontend_smul_order_center_fix_20260609_0601/ex263/aigs/ex263_smul_baugh_wooley_wallace_evenodd_rhcla4_synth_preset_d13.aig,1,1,1,360,25,9000,6840,1.315789,1,0,0.637,semantic_signed_mul_exact,exact signed low7 * signed high7 over 16384 inputs; source=baugh_wooley_wallace_evenodd_rhcla4; flow=synth_preset_d13
ex263,ex263_smul_baugh_wooley_wallace_rev_hcla4_abc_g_aig,signed low7_high7:a*b,baugh_wooley_wallace_rev_hcla4+abc_g_aig,student/work/ex260_ex264_frontend_smul_order_center_fix_20260609_0601/ex263/verilog/ex263_smul_baugh_wooley_wallace_rev_hcla4.v,student/work/ex260_ex264_frontend_smul_order_center_fix_20260609_0601/ex263/aigs/ex263_smul_baugh_wooley_wallace_rev_hcla4_abc_g_aig.aig,1,1,1,354,28,9912,6840,1.449123,1,0,0.522,semantic_signed_mul_exact,exact signed low7 * signed high7 over 16384 inputs; source=baugh_wooley_wallace_rev_hcla4; flow=abc_g_aig
ex263,ex263_smul_baugh_wooley_wallace_rev_hcla4_wreduce_abc_g_aig,signed low7_high7:a*b,baugh_wooley_wallace_rev_hcla4+wreduce_abc_g_aig,student/work/ex260_ex264_frontend_smul_order_center_fix_20260609_0601/ex263/verilog/ex263_smul_baugh_wooley_wallace_rev_hcla4.v,student/work/ex260_ex264_frontend_smul_order_center_fix_20260609_0601/ex263/aigs/ex263_smul_baugh_wooley_wallace_rev_hcla4_wreduce_abc_g_aig.aig,1,1,1,354,28,9912,6840,1.449123,1,0,0.534,semantic_signed_mul_exact,exact signed low7 * signed high7 over 16384 inputs; source=baugh_wooley_wallace_rev_hcla4; flow=wreduce_abc_g_aig
ex263,ex263_smul_baugh_wooley_wallace_rev_hcla4_synth_preset_d13,signed low7_high7:a*b,baugh_wooley_wallace_rev_hcla4+synth_preset_d13,student/work/ex260_ex264_frontend_smul_order_center_fix_20260609_0601/ex263/verilog/ex263_smul_baugh_wooley_wallace_rev_hcla4.v,student/work/ex260_ex264_frontend_smul_order_center_fix_20260609_0601/ex263/aigs/ex263_smul_baugh_wooley_wallace_rev_hcla4_synth_preset_d13.aig,1,1,1,356,28,9968,6840,1.457310,1,0,0.660,semantic_signed_mul_exact,exact signed low7 * signed high7 over 16384 inputs; source=baugh_wooley_wallace_rev_hcla4; flow=synth_preset_d13
ex263,ex263_smul_baugh_wooley_wallace_outside_rhcla4_abc_g_aig,signed low7_high7:a*b,baugh_wooley_wallace_outside_rhcla4+abc_g_aig,student/work/ex260_ex264_frontend_smul_order_center_fix_20260609_0601/ex263/verilog/ex263_smul_baugh_wooley_wallace_outside_rhcla4.v,student/work/ex260_ex264_frontend_smul_order_center_fix_20260609_0601/ex263/aigs/ex263_smul_baugh_wooley_wallace_outside_rhcla4_abc_g_aig.aig,1,1,1,359,26,9334,6840,1.364620,1,0,0.507,semantic_signed_mul_exact,exact signed low7 * signed high7 over 16384 inputs; source=baugh_wooley_wallace_outside_rhcla4; flow=abc_g_aig
ex263,ex263_smul_baugh_wooley_wallace_outside_rhcla4_wreduce_abc_g_aig,signed low7_high7:a*b,baugh_wooley_wallace_outside_rhcla4+wreduce_abc_g_aig,student/work/ex260_ex264_frontend_smul_order_center_fix_20260609_0601/ex263/verilog/ex263_smul_baugh_wooley_wallace_outside_rhcla4.v,student/work/ex260_ex264_frontend_smul_order_center_fix_20260609_0601/ex263/aigs/ex263_smul_baugh_wooley_wallace_outside_rhcla4_wreduce_abc_g_aig.aig,1,1,1,359,26,9334,6840,1.364620,1,0,0.521,semantic_signed_mul_exact,exact signed low7 * signed high7 over 16384 inputs; source=baugh_wooley_wallace_outside_rhcla4; flow=wreduce_abc_g_aig
ex263,ex263_smul_baugh_wooley_wallace_outside_rhcla4_synth_preset_d13,signed low7_high7:a*b,baugh_wooley_wallace_outside_rhcla4+synth_preset_d13,student/work/ex260_ex264_frontend_smul_order_center_fix_20260609_0601/ex263/verilog/ex263_smul_baugh_wooley_wallace_outside_rhcla4.v,student/work/ex260_ex264_frontend_smul_order_center_fix_20260609_0601/ex263/aigs/ex263_smul_baugh_wooley_wallace_outside_rhcla4_synth_preset_d13.aig,1,1,1,358,25,8950,6840,1.308480,1,0,0.653,semantic_signed_mul_exact,exact signed low7 * signed high7 over 16384 inputs; source=baugh_wooley_wallace_outside_rhcla4; flow=synth_preset_d13
ex263,ex263_smul_baugh_wooley_wallace_rev_rhcla3_abc_g_aig,signed low7_high7:a*b,baugh_wooley_wallace_rev_rhcla3+abc_g_aig,student/work/ex260_ex264_frontend_smul_order_center_fix_20260609_0601/ex263/verilog/ex263_smul_baugh_wooley_wallace_rev_rhcla3.v,student/work/ex260_ex264_frontend_smul_order_center_fix_20260609_0601/ex263/aigs/ex263_smul_baugh_wooley_wallace_rev_rhcla3_abc_g_aig.aig,1,1,1,360,25,9000,6840,1.315789,1,0,0.515,semantic_signed_mul_exact,exact signed low7 * signed high7 over 16384 inputs; source=baugh_wooley_wallace_rev_rhcla3; flow=abc_g_aig
ex263,ex263_smul_baugh_wooley_wallace_rev_rhcla3_wreduce_abc_g_aig,signed low7_high7:a*b,baugh_wooley_wallace_rev_rhcla3+wreduce_abc_g_aig,student/work/ex260_ex264_frontend_smul_order_center_fix_20260609_0601/ex263/verilog/ex263_smul_baugh_wooley_wallace_rev_rhcla3.v,student/work/ex260_ex264_frontend_smul_order_center_fix_20260609_0601/ex263/aigs/ex263_smul_baugh_wooley_wallace_rev_rhcla3_wreduce_abc_g_aig.aig,1,1,1,360,25,9000,6840,1.315789,1,0,0.528,semantic_signed_mul_exact,exact signed low7 * signed high7 over 16384 inputs; source=baugh_wooley_wallace_rev_rhcla3; flow=wreduce_abc_g_aig
ex263,ex263_smul_baugh_wooley_wallace_rev_rhcla3_synth_preset_d13,signed low7_high7:a*b,baugh_wooley_wallace_rev_rhcla3+synth_preset_d13,student/work/ex260_ex264_frontend_smul_order_center_fix_20260609_0601/ex263/verilog/ex263_smul_baugh_wooley_wallace_rev_rhcla3.v,student/work/ex260_ex264_frontend_smul_order_center_fix_20260609_0601/ex263/aigs/ex263_smul_baugh_wooley_wallace_rev_rhcla3_synth_preset_d13.aig,1,1,1,353,27,9531,6840,1.393421,1,0,0.666,semantic_signed_mul_exact,exact signed low7 * signed high7 over 16384 inputs; source=baugh_wooley_wallace_rev_rhcla3; flow=synth_preset_d13
ex264,ex264_smul_baugh_wooley_wallace_center_hcla4_abc_g_aig,signed low8_high8:a*b,baugh_wooley_wallace_center_hcla4+abc_g_aig,student/work/ex260_ex264_frontend_smul_order_center_fix_20260609_0601/ex264/verilog/ex264_smul_baugh_wooley_wallace_center_hcla4.v,student/work/ex260_ex264_frontend_smul_order_center_fix_20260609_0601/ex264/aigs/ex264_smul_baugh_wooley_wallace_center_hcla4_abc_g_aig.aig,1,1,1,488,28,13664,9724,1.405183,1,0,1.943,semantic_signed_mul_exact,exact signed low8 * signed high8 over 65536 inputs; source=baugh_wooley_wallace_center_hcla4; flow=abc_g_aig
ex264,ex264_smul_baugh_wooley_wallace_center_hcla4_wreduce_abc_g_aig,signed low8_high8:a*b,baugh_wooley_wallace_center_hcla4+wreduce_abc_g_aig,student/work/ex260_ex264_frontend_smul_order_center_fix_20260609_0601/ex264/verilog/ex264_smul_baugh_wooley_wallace_center_hcla4.v,student/work/ex260_ex264_frontend_smul_order_center_fix_20260609_0601/ex264/aigs/ex264_smul_baugh_wooley_wallace_center_hcla4_wreduce_abc_g_aig.aig,1,1,1,484,28,13552,9724,1.393665,1,0,1.926,semantic_signed_mul_exact,exact signed low8 * signed high8 over 65536 inputs; source=baugh_wooley_wallace_center_hcla4; flow=wreduce_abc_g_aig
ex264,ex264_smul_baugh_wooley_wallace_center_hcla4_synth_preset_d13,signed low8_high8:a*b,baugh_wooley_wallace_center_hcla4+synth_preset_d13,student/work/ex260_ex264_frontend_smul_order_center_fix_20260609_0601/ex264/verilog/ex264_smul_baugh_wooley_wallace_center_hcla4.v,student/work/ex260_ex264_frontend_smul_order_center_fix_20260609_0601/ex264/aigs/ex264_smul_baugh_wooley_wallace_center_hcla4_synth_preset_d13.aig,1,1,1,488,27,13176,9724,1.354998,1,0,2.066,semantic_signed_mul_exact,exact signed low8 * signed high8 over 65536 inputs; source=baugh_wooley_wallace_center_hcla4; flow=synth_preset_d13
ex264,ex264_smul_baugh_wooley_wallace_center_rhcla3_abc_g_aig,signed low8_high8:a*b,baugh_wooley_wallace_center_rhcla3+abc_g_aig,student/work/ex260_ex264_frontend_smul_order_center_fix_20260609_0601/ex264/verilog/ex264_smul_baugh_wooley_wallace_center_rhcla3.v,student/work/ex260_ex264_frontend_smul_order_center_fix_20260609_0601/ex264/aigs/ex264_smul_baugh_wooley_wallace_center_rhcla3_abc_g_aig.aig,1,1,1,488,27,13176,9724,1.354998,1,0,1.909,semantic_signed_mul_exact,exact signed low8 * signed high8 over 65536 inputs; source=baugh_wooley_wallace_center_rhcla3; flow=abc_g_aig
ex264,ex264_smul_baugh_wooley_wallace_center_rhcla3_wreduce_abc_g_aig,signed low8_high8:a*b,baugh_wooley_wallace_center_rhcla3+wreduce_abc_g_aig,student/work/ex260_ex264_frontend_smul_order_center_fix_20260609_0601/ex264/verilog/ex264_smul_baugh_wooley_wallace_center_rhcla3.v,student/work/ex260_ex264_frontend_smul_order_center_fix_20260609_0601/ex264/aigs/ex264_smul_baugh_wooley_wallace_center_rhcla3_wreduce_abc_g_aig.aig,1,1,1,493,27,13311,9724,1.368881,1,0,1.857,semantic_signed_mul_exact,exact signed low8 * signed high8 over 65536 inputs; source=baugh_wooley_wallace_center_rhcla3; flow=wreduce_abc_g_aig
ex264,ex264_smul_baugh_wooley_wallace_center_rhcla3_synth_preset_d13,signed low8_high8:a*b,baugh_wooley_wallace_center_rhcla3+synth_preset_d13,student/work/ex260_ex264_frontend_smul_order_center_fix_20260609_0601/ex264/verilog/ex264_smul_baugh_wooley_wallace_center_rhcla3.v,student/work/ex260_ex264_frontend_smul_order_center_fix_20260609_0601/ex264/aigs/ex264_smul_baugh_wooley_wallace_center_rhcla3_synth_preset_d13.aig,1,1,1,488,27,13176,9724,1.354998,1,0,2.114,semantic_signed_mul_exact,exact signed low8 * signed high8 over 65536 inputs; source=baugh_wooley_wallace_center_rhcla3; flow=synth_preset_d13
ex264,ex264_smul_baugh_wooley_wallace_center_rhcla4_abc_g_aig,signed low8_high8:a*b,baugh_wooley_wallace_center_rhcla4+abc_g_aig,student/work/ex260_ex264_frontend_smul_order_center_fix_20260609_0601/ex264/verilog/ex264_smul_baugh_wooley_wallace_center_rhcla4.v,student/work/ex260_ex264_frontend_smul_order_center_fix_20260609_0601/ex264/aigs/ex264_smul_baugh_wooley_wallace_center_rhcla4_abc_g_aig.aig,1,1,1,492,27,13284,9724,1.366104,1,0,1.915,semantic_signed_mul_exact,exact signed low8 * signed high8 over 65536 inputs; source=baugh_wooley_wallace_center_rhcla4; flow=abc_g_aig
ex264,ex264_smul_baugh_wooley_wallace_center_rhcla4_wreduce_abc_g_aig,signed low8_high8:a*b,baugh_wooley_wallace_center_rhcla4+wreduce_abc_g_aig,student/work/ex260_ex264_frontend_smul_order_center_fix_20260609_0601/ex264/verilog/ex264_smul_baugh_wooley_wallace_center_rhcla4.v,student/work/ex260_ex264_frontend_smul_order_center_fix_20260609_0601/ex264/aigs/ex264_smul_baugh_wooley_wallace_center_rhcla4_wreduce_abc_g_aig.aig,1,1,1,490,27,13230,9724,1.360551,1,0,1.943,semantic_signed_mul_exact,exact signed low8 * signed high8 over 65536 inputs; source=baugh_wooley_wallace_center_rhcla4; flow=wreduce_abc_g_aig
ex264,ex264_smul_baugh_wooley_wallace_center_rhcla4_synth_preset_d13,signed low8_high8:a*b,baugh_wooley_wallace_center_rhcla4+synth_preset_d13,student/work/ex260_ex264_frontend_smul_order_center_fix_20260609_0601/ex264/verilog/ex264_smul_baugh_wooley_wallace_center_rhcla4.v,student/work/ex260_ex264_frontend_smul_order_center_fix_20260609_0601/ex264/aigs/ex264_smul_baugh_wooley_wallace_center_rhcla4_synth_preset_d13.aig,1,1,1,487,28,13636,9724,1.402304,1,0,2.086,semantic_signed_mul_exact,exact signed low8 * signed high8 over 65536 inputs; source=baugh_wooley_wallace_center_rhcla4; flow=synth_preset_d13
ex264,ex264_smul_baugh_wooley_wallace_evenodd_hcla4_abc_g_aig,signed low8_high8:a*b,baugh_wooley_wallace_evenodd_hcla4+abc_g_aig,student/work/ex260_ex264_frontend_smul_order_center_fix_20260609_0601/ex264/verilog/ex264_smul_baugh_wooley_wallace_evenodd_hcla4.v,student/work/ex260_ex264_frontend_smul_order_center_fix_20260609_0601/ex264/aigs/ex264_smul_baugh_wooley_wallace_evenodd_hcla4_abc_g_aig.aig,1,1,1,489,28,13692,9724,1.408063,1,0,1.925,semantic_signed_mul_exact,exact signed low8 * signed high8 over 65536 inputs; source=baugh_wooley_wallace_evenodd_hcla4; flow=abc_g_aig
ex264,ex264_smul_baugh_wooley_wallace_evenodd_hcla4_wreduce_abc_g_aig,signed low8_high8:a*b,baugh_wooley_wallace_evenodd_hcla4+wreduce_abc_g_aig,student/work/ex260_ex264_frontend_smul_order_center_fix_20260609_0601/ex264/verilog/ex264_smul_baugh_wooley_wallace_evenodd_hcla4.v,student/work/ex260_ex264_frontend_smul_order_center_fix_20260609_0601/ex264/aigs/ex264_smul_baugh_wooley_wallace_evenodd_hcla4_wreduce_abc_g_aig.aig,1,1,1,490,28,13720,9724,1.410942,1,0,1.969,semantic_signed_mul_exact,exact signed low8 * signed high8 over 65536 inputs; source=baugh_wooley_wallace_evenodd_hcla4; flow=wreduce_abc_g_aig
ex264,ex264_smul_baugh_wooley_wallace_evenodd_hcla4_synth_preset_d13,signed low8_high8:a*b,baugh_wooley_wallace_evenodd_hcla4+synth_preset_d13,student/work/ex260_ex264_frontend_smul_order_center_fix_20260609_0601/ex264/verilog/ex264_smul_baugh_wooley_wallace_evenodd_hcla4.v,student/work/ex260_ex264_frontend_smul_order_center_fix_20260609_0601/ex264/aigs/ex264_smul_baugh_wooley_wallace_evenodd_hcla4_synth_preset_d13.aig,1,1,1,487,28,13636,9724,1.402304,1,0,1.976,semantic_signed_mul_exact,exact signed low8 * signed high8 over 65536 inputs; source=baugh_wooley_wallace_evenodd_hcla4; flow=synth_preset_d13
ex264,ex264_smul_baugh_wooley_wallace_evenodd_rhcla4_abc_g_aig,signed low8_high8:a*b,baugh_wooley_wallace_evenodd_rhcla4+abc_g_aig,student/work/ex260_ex264_frontend_smul_order_center_fix_20260609_0601/ex264/verilog/ex264_smul_baugh_wooley_wallace_evenodd_rhcla4.v,student/work/ex260_ex264_frontend_smul_order_center_fix_20260609_0601/ex264/aigs/ex264_smul_baugh_wooley_wallace_evenodd_rhcla4_abc_g_aig.aig,1,1,1,492,27,13284,9724,1.366104,1,0,1.798,semantic_signed_mul_exact,exact signed low8 * signed high8 over 65536 inputs; source=baugh_wooley_wallace_evenodd_rhcla4; flow=abc_g_aig
ex264,ex264_smul_baugh_wooley_wallace_evenodd_rhcla4_wreduce_abc_g_aig,signed low8_high8:a*b,baugh_wooley_wallace_evenodd_rhcla4+wreduce_abc_g_aig,student/work/ex260_ex264_frontend_smul_order_center_fix_20260609_0601/ex264/verilog/ex264_smul_baugh_wooley_wallace_evenodd_rhcla4.v,student/work/ex260_ex264_frontend_smul_order_center_fix_20260609_0601/ex264/aigs/ex264_smul_baugh_wooley_wallace_evenodd_rhcla4_wreduce_abc_g_aig.aig,1,1,1,491,27,13257,9724,1.363328,1,0,1.825,semantic_signed_mul_exact,exact signed low8 * signed high8 over 65536 inputs; source=baugh_wooley_wallace_evenodd_rhcla4; flow=wreduce_abc_g_aig
ex264,ex264_smul_baugh_wooley_wallace_evenodd_rhcla4_synth_preset_d13,signed low8_high8:a*b,baugh_wooley_wallace_evenodd_rhcla4+synth_preset_d13,student/work/ex260_ex264_frontend_smul_order_center_fix_20260609_0601/ex264/verilog/ex264_smul_baugh_wooley_wallace_evenodd_rhcla4.v,student/work/ex260_ex264_frontend_smul_order_center_fix_20260609_0601/ex264/aigs/ex264_smul_baugh_wooley_wallace_evenodd_rhcla4_synth_preset_d13.aig,1,1,1,490,28,13720,9724,1.410942,1,0,1.945,semantic_signed_mul_exact,exact signed low8 * signed high8 over 65536 inputs; source=baugh_wooley_wallace_evenodd_rhcla4; flow=synth_preset_d13
ex264,ex264_smul_baugh_wooley_wallace_rev_hcla4_abc_g_aig,signed low8_high8:a*b,baugh_wooley_wallace_rev_hcla4+abc_g_aig,student/work/ex260_ex264_frontend_smul_order_center_fix_20260609_0601/ex264/verilog/ex264_smul_baugh_wooley_wallace_rev_hcla4.v,student/work/ex260_ex264_frontend_smul_order_center_fix_20260609_0601/ex264/aigs/ex264_smul_baugh_wooley_wallace_rev_hcla4_abc_g_aig.aig,1,1,1,492,27,13284,9724,1.366104,1,0,2.420,semantic_signed_mul_exact,exact signed low8 * signed high8 over 65536 inputs; source=baugh_wooley_wallace_rev_hcla4; flow=abc_g_aig
ex264,ex264_smul_baugh_wooley_wallace_rev_hcla4_wreduce_abc_g_aig,signed low8_high8:a*b,baugh_wooley_wallace_rev_hcla4+wreduce_abc_g_aig,student/work/ex260_ex264_frontend_smul_order_center_fix_20260609_0601/ex264/verilog/ex264_smul_baugh_wooley_wallace_rev_hcla4.v,student/work/ex260_ex264_frontend_smul_order_center_fix_20260609_0601/ex264/aigs/ex264_smul_baugh_wooley_wallace_rev_hcla4_wreduce_abc_g_aig.aig,1,1,1,491,28,13748,9724,1.413821,1,0,2.671,semantic_signed_mul_exact,exact signed low8 * signed high8 over 65536 inputs; source=baugh_wooley_wallace_rev_hcla4; flow=wreduce_abc_g_aig
ex264,ex264_smul_baugh_wooley_wallace_rev_hcla4_synth_preset_d13,signed low8_high8:a*b,baugh_wooley_wallace_rev_hcla4+synth_preset_d13,student/work/ex260_ex264_frontend_smul_order_center_fix_20260609_0601/ex264/verilog/ex264_smul_baugh_wooley_wallace_rev_hcla4.v,student/work/ex260_ex264_frontend_smul_order_center_fix_20260609_0601/ex264/aigs/ex264_smul_baugh_wooley_wallace_rev_hcla4_synth_preset_d13.aig,1,1,1,481,28,13468,9724,1.385027,1,0,3.179,semantic_signed_mul_exact,exact signed low8 * signed high8 over 65536 inputs; source=baugh_wooley_wallace_rev_hcla4; flow=synth_preset_d13
ex264,ex264_smul_baugh_wooley_wallace_outside_rhcla4_abc_g_aig,signed low8_high8:a*b,baugh_wooley_wallace_outside_rhcla4+abc_g_aig,student/work/ex260_ex264_frontend_smul_order_center_fix_20260609_0601/ex264/verilog/ex264_smul_baugh_wooley_wallace_outside_rhcla4.v,student/work/ex260_ex264_frontend_smul_order_center_fix_20260609_0601/ex264/aigs/ex264_smul_baugh_wooley_wallace_outside_rhcla4_abc_g_aig.aig,1,1,1,489,27,13203,9724,1.357775,1,0,2.437,semantic_signed_mul_exact,exact signed low8 * signed high8 over 65536 inputs; source=baugh_wooley_wallace_outside_rhcla4; flow=abc_g_aig
ex264,ex264_smul_baugh_wooley_wallace_outside_rhcla4_wreduce_abc_g_aig,signed low8_high8:a*b,baugh_wooley_wallace_outside_rhcla4+wreduce_abc_g_aig,student/work/ex260_ex264_frontend_smul_order_center_fix_20260609_0601/ex264/verilog/ex264_smul_baugh_wooley_wallace_outside_rhcla4.v,student/work/ex260_ex264_frontend_smul_order_center_fix_20260609_0601/ex264/aigs/ex264_smul_baugh_wooley_wallace_outside_rhcla4_wreduce_abc_g_aig.aig,1,1,1,494,27,13338,9724,1.371658,1,0,2.652,semantic_signed_mul_exact,exact signed low8 * signed high8 over 65536 inputs; source=baugh_wooley_wallace_outside_rhcla4; flow=wreduce_abc_g_aig
ex264,ex264_smul_baugh_wooley_wallace_outside_rhcla4_synth_preset_d13,signed low8_high8:a*b,baugh_wooley_wallace_outside_rhcla4+synth_preset_d13,student/work/ex260_ex264_frontend_smul_order_center_fix_20260609_0601/ex264/verilog/ex264_smul_baugh_wooley_wallace_outside_rhcla4.v,student/work/ex260_ex264_frontend_smul_order_center_fix_20260609_0601/ex264/aigs/ex264_smul_baugh_wooley_wallace_outside_rhcla4_synth_preset_d13.aig,1,1,1,490,28,13720,9724,1.410942,1,0,2.062,semantic_signed_mul_exact,exact signed low8 * signed high8 over 65536 inputs; source=baugh_wooley_wallace_outside_rhcla4; flow=synth_preset_d13
ex264,ex264_smul_baugh_wooley_wallace_rev_rhcla3_abc_g_aig,signed low8_high8:a*b,baugh_wooley_wallace_rev_rhcla3+abc_g_aig,student/work/ex260_ex264_frontend_smul_order_center_fix_20260609_0601/ex264/verilog/ex264_smul_baugh_wooley_wallace_rev_rhcla3.v,student/work/ex260_ex264_frontend_smul_order_center_fix_20260609_0601/ex264/aigs/ex264_smul_baugh_wooley_wallace_rev_rhcla3_abc_g_aig.aig,1,1,1,486,30,14580,9724,1.499383,1,0,1.923,semantic_signed_mul_exact,exact signed low8 * signed high8 over 65536 inputs; source=baugh_wooley_wallace_rev_rhcla3; flow=abc_g_aig
ex264,ex264_smul_baugh_wooley_wallace_rev_rhcla3_wreduce_abc_g_aig,signed low8_high8:a*b,baugh_wooley_wallace_rev_rhcla3+wreduce_abc_g_aig,student/work/ex260_ex264_frontend_smul_order_center_fix_20260609_0601/ex264/verilog/ex264_smul_baugh_wooley_wallace_rev_rhcla3.v,student/work/ex260_ex264_frontend_smul_order_center_fix_20260609_0601/ex264/aigs/ex264_smul_baugh_wooley_wallace_rev_rhcla3_wreduce_abc_g_aig.aig,1,1,1,492,27,13284,9724,1.366104,1,0,1.930,semantic_signed_mul_exact,exact signed low8 * signed high8 over 65536 inputs; source=baugh_wooley_wallace_rev_rhcla3; flow=wreduce_abc_g_aig
ex264,ex264_smul_baugh_wooley_wallace_rev_rhcla3_synth_preset_d13,signed low8_high8:a*b,baugh_wooley_wallace_rev_rhcla3+synth_preset_d13,student/work/ex260_ex264_frontend_smul_order_center_fix_20260609_0601/ex264/verilog/ex264_smul_baugh_wooley_wallace_rev_rhcla3.v,student/work/ex260_ex264_frontend_smul_order_center_fix_20260609_0601/ex264/aigs/ex264_smul_baugh_wooley_wallace_rev_rhcla3_synth_preset_d13.aig,1,1,1,487,27,13149,9724,1.352221,1,0,2.074,semantic_signed_mul_exact,exact signed low8 * signed high8 over 65536 inputs; source=baugh_wooley_wallace_rev_rhcla3; flow=synth_preset_d13
