case,domain,candidate_id,shared_structures,sharing_strategy,estimated_benefit,agent_id,run_id,notes
ex223,fp16,ex223_non_nested_log_residual_blocker,shared FP16 sign/exponent/special-case decode; high output bits 15:11; candidate range/symmetry mantissa segments; candidate output-grouped low residual predicates,diagnostic showed high-bit shell is already shallow but low residual predicates are dense and segment/symmetry/cross-exp sharing does not create reusable non-nested blocks,blocked,fpbf-follow-r13,ex200_ex299_frontend_refgap_round13_20260612_2045,high_bits_15_11_transition_sum=27 but low_bits_10_0_transition_sum=20965; hi3-hi6 repeated_shapes=0
ex225,fp16,ex225_non_nested_segmented_residual_blocker,shared sign/exponent decode; candidate range/symmetry mantissa segments; candidate output-grouped residual predicates,diagnostic showed no reusable hi5-or-coarser block shapes and dense low-bit predicate transitions,blocked,fp-bf-r13,ex200_ex299_frontend_refgap_round13_20260612_2045,bits 15:11 are shallow; bits 10:0 are transition-dense and require a new formula rather than another table replay
ex246,float_fp8,ex246_r13_follow_blocker_no_quick_candidate,,,,,ex200_ex299_frontend_refgap_round13_20260612_2045,
ex247,float_fp8,ex247_r13_mixed_delta_sig_bdd_synth_preset_aig,,,,,ex200_ex299_frontend_refgap_round13_20260612_2045,
ex260,integer,ex260_smul_b_const_shared_tree_abc_g_aig,shared signed constant multiples plus balanced quadrant mux,,,,ex200_ex299_frontend_refgap_round13_20260612_2045,fresh ex260 checkpoint row; not a round12 blocker replay
ex266,integer,ex266_checkpoint_blocker_no_candidate,none_new,,,,ex200_ex299_frontend_refgap_round13_20260612_2045,"Needed structure remains a materially different shallow quotient classifier inside or replacing {b[4:3],a[4]} cofactors; no new shared classifier was ready without replay."
ex286,unknown,,"onehot home slots, exact input swap pairs, home-count collision descriptor, layer rank/select descriptors",,,,ex200_ex299_frontend_refgap_round13_20260612_2045,Assignment/rank descriptors are far from exact; exact home-count descriptor requires too many keys and falls back to rejected table/cofactor behavior.
ex287,unknown,ex287_unknown_follow_r13_blocker_compact_descriptor,,blocked_before_verilog,,,ex200_ex299_frontend_refgap_round13_20260612_2045,
ex297,unknown,ex297_r13_prefix2_affine_residual_split_abc_g_aig,,shared key wires plus outer/inner residual tables,,,ex200_ex299_frontend_refgap_round13_20260612_2045,
