case,domain,agent_id,candidate_id,hypothesis,representation,shared_structure,method_signature,verilog_path,aig_path,equivalent,simulation_pass,area,delay,adp,evaluate_log,notes
ex285,unknown,local-ex285-gia-r45,ex285_r45_resyn2rs_area_from_frontend_best,frontend best structural remap from current best,ABC diverse remap flow resyn2rs_area,preserves existing shared frontend decode/logic; applies ABC structural rewriting,ex285|frontend_best_structural_remap|abc_diverse_resyn2rs_area|preserve_frontend_source_shared_logic|parent_ex285_r44_dc2_scorr_resyn_from_frontend_best|resyn2rs_area|official_evaluate|full_word,student/work/reverse_unknown_20260603_1812/ex285/verilog/ex285_unknown_12x12_decision_tree_greedy.v,student/work/ex285_frontend_gt2_gia_iter_round45_20260613_0847/local-ex285-gia-r45/ex285/aigs/ex285_r45_resyn2rs_area_from_frontend_best.aig,1,not_run,649,17,11033,student/work/ex285_frontend_gt2_gia_iter_round45_20260613_0847/local-ex285-gia-r45/ex285/logs/ex285_r45_resyn2rs_area_from_frontend_best.evaluate.py.log,official evaluate.py OK; abc_log=student/work/ex285_frontend_gt2_gia_iter_round45_20260613_0847/local-ex285-gia-r45/ex285/logs/ex285_r45_resyn2rs_area_from_frontend_best.abc.log; gen_sec=0.193; eval_sec=0.234; flow=strash; balance; resub -K 6; rewrite; resub -K 6 -N 2; refactor; resub -K 8; balance; resub -K 8 -N 2; rewrite; resub -K 10; rewrite -z; resub -K 10 -N 2; balance; resub -K 12; refactor -z; resub -K 12 -N 2; rewrite -z; balance
ex285,unknown,local-ex285-gia-r45,ex285_r45_compress2rs_area_from_frontend_best,frontend best structural remap from current best,ABC diverse remap flow compress2rs_area,preserves existing shared frontend decode/logic; applies ABC structural rewriting,ex285|frontend_best_structural_remap|abc_diverse_compress2rs_area|preserve_frontend_source_shared_logic|parent_ex285_r44_dc2_scorr_resyn_from_frontend_best|compress2rs_area|official_evaluate|full_word,student/work/reverse_unknown_20260603_1812/ex285/verilog/ex285_unknown_12x12_decision_tree_greedy.v,student/work/ex285_frontend_gt2_gia_iter_round45_20260613_0847/local-ex285-gia-r45/ex285/aigs/ex285_r45_compress2rs_area_from_frontend_best.aig,1,not_run,646,18,11628,student/work/ex285_frontend_gt2_gia_iter_round45_20260613_0847/local-ex285-gia-r45/ex285/logs/ex285_r45_compress2rs_area_from_frontend_best.evaluate.py.log,official evaluate.py OK; abc_log=student/work/ex285_frontend_gt2_gia_iter_round45_20260613_0847/local-ex285-gia-r45/ex285/logs/ex285_r45_compress2rs_area_from_frontend_best.abc.log; gen_sec=0.187; eval_sec=0.234; flow=strash; balance -l; resub -K 6 -l; rewrite -l; resub -K 6 -N 2 -l; refactor -l; resub -K 8 -l; balance -l; resub -K 8 -N 2 -l; rewrite -l; resub -K 10 -l; rewrite -z -l; resub -K 10 -N 2 -l; balance -l; resub -K 12 -l; refactor -z -l; resub -K 12 -N 2 -l; rewrite -z -l; balance -l
ex285,unknown,local-ex285-gia-r45,ex285_r45_dchoice_dc2_from_frontend_best,frontend best structural remap from current best,ABC diverse remap flow dchoice_dc2,preserves existing shared frontend decode/logic; applies ABC structural rewriting,ex285|frontend_best_structural_remap|abc_diverse_dchoice_dc2|preserve_frontend_source_shared_logic|parent_ex285_r44_dc2_scorr_resyn_from_frontend_best|dchoice_dc2|official_evaluate|full_word,student/work/reverse_unknown_20260603_1812/ex285/verilog/ex285_unknown_12x12_decision_tree_greedy.v,student/work/ex285_frontend_gt2_gia_iter_round45_20260613_0847/local-ex285-gia-r45/ex285/aigs/ex285_r45_dchoice_dc2_from_frontend_best.aig,1,not_run,651,17,11067,student/work/ex285_frontend_gt2_gia_iter_round45_20260613_0847/local-ex285-gia-r45/ex285/logs/ex285_r45_dchoice_dc2_from_frontend_best.evaluate.py.log,official evaluate.py OK; abc_log=student/work/ex285_frontend_gt2_gia_iter_round45_20260613_0847/local-ex285-gia-r45/ex285/logs/ex285_r45_dchoice_dc2_from_frontend_best.abc.log; gen_sec=0.109; eval_sec=0.231; flow=strash; dchoice; dc2; balance
ex285,unknown,local-ex285-gia-r45,ex285_r45_compress_l_no_dc_from_frontend_best,frontend best structural remap from current best,ABC diverse remap flow compress_l_no_dc,preserves existing shared frontend decode/logic; applies ABC structural rewriting,ex285|frontend_best_structural_remap|abc_diverse_compress_l_no_dc|preserve_frontend_source_shared_logic|parent_ex285_r44_dc2_scorr_resyn_from_frontend_best|compress_l_no_dc|official_evaluate|full_word,student/work/reverse_unknown_20260603_1812/ex285/verilog/ex285_unknown_12x12_decision_tree_greedy.v,student/work/ex285_frontend_gt2_gia_iter_round45_20260613_0847/local-ex285-gia-r45/ex285/aigs/ex285_r45_compress_l_no_dc_from_frontend_best.aig,1,not_run,651,18,11718,student/work/ex285_frontend_gt2_gia_iter_round45_20260613_0847/local-ex285-gia-r45/ex285/logs/ex285_r45_compress_l_no_dc_from_frontend_best.evaluate.py.log,official evaluate.py OK; abc_log=student/work/ex285_frontend_gt2_gia_iter_round45_20260613_0847/local-ex285-gia-r45/ex285/logs/ex285_r45_compress_l_no_dc_from_frontend_best.abc.log; gen_sec=0.082; eval_sec=0.225; flow=strash; balance -l; rewrite -l; refactor -l; rewrite -z -l; refactor -z -l; balance -l
ex285,unknown,local-ex285-gia-r45,ex285_r45_resub_deep_rf_from_frontend_best,frontend best structural remap from current best,ABC diverse remap flow resub_deep_rf,preserves existing shared frontend decode/logic; applies ABC structural rewriting,ex285|frontend_best_structural_remap|abc_diverse_resub_deep_rf|preserve_frontend_source_shared_logic|parent_ex285_r44_dc2_scorr_resyn_from_frontend_best|resub_deep_rf|official_evaluate|full_word,student/work/reverse_unknown_20260603_1812/ex285/verilog/ex285_unknown_12x12_decision_tree_greedy.v,student/work/ex285_frontend_gt2_gia_iter_round45_20260613_0847/local-ex285-gia-r45/ex285/aigs/ex285_r45_resub_deep_rf_from_frontend_best.aig,1,not_run,651,17,11067,student/work/ex285_frontend_gt2_gia_iter_round45_20260613_0847/local-ex285-gia-r45/ex285/logs/ex285_r45_resub_deep_rf_from_frontend_best.evaluate.py.log,official evaluate.py OK; abc_log=student/work/ex285_frontend_gt2_gia_iter_round45_20260613_0847/local-ex285-gia-r45/ex285/logs/ex285_r45_resub_deep_rf_from_frontend_best.abc.log; gen_sec=0.116; eval_sec=0.218; flow=strash; resub -K 8 -N 2; resub -K 10 -N 2; rewrite -z; refactor -z; balance
ex285,unknown,local-ex285-gia-r45,ex285_r45_dc2_scorr_resyn_from_frontend_best,frontend best structural remap from current best,ABC diverse remap flow dc2_scorr_resyn,preserves existing shared frontend decode/logic; applies ABC structural rewriting,ex285|frontend_best_structural_remap|abc_diverse_dc2_scorr_resyn|preserve_frontend_source_shared_logic|parent_ex285_r44_dc2_scorr_resyn_from_frontend_best|dc2_scorr_resyn|official_evaluate|full_word,student/work/reverse_unknown_20260603_1812/ex285/verilog/ex285_unknown_12x12_decision_tree_greedy.v,student/work/ex285_frontend_gt2_gia_iter_round45_20260613_0847/local-ex285-gia-r45/ex285/aigs/ex285_r45_dc2_scorr_resyn_from_frontend_best.aig,1,not_run,651,17,11067,student/work/ex285_frontend_gt2_gia_iter_round45_20260613_0847/local-ex285-gia-r45/ex285/logs/ex285_r45_dc2_scorr_resyn_from_frontend_best.evaluate.py.log,official evaluate.py OK; abc_log=student/work/ex285_frontend_gt2_gia_iter_round45_20260613_0847/local-ex285-gia-r45/ex285/logs/ex285_r45_dc2_scorr_resyn_from_frontend_best.abc.log; gen_sec=0.118; eval_sec=0.220; flow=strash; dc2; scorr; dc2; balance; rewrite -z; balance
ex285,unknown,local-ex285-gia-r45,ex285_r45_dc2_lcorr_resyn_from_frontend_best,frontend best structural remap from current best,ABC diverse remap flow dc2_lcorr_resyn,preserves existing shared frontend decode/logic; applies ABC structural rewriting,ex285|frontend_best_structural_remap|abc_diverse_dc2_lcorr_resyn|preserve_frontend_source_shared_logic|parent_ex285_r44_dc2_scorr_resyn_from_frontend_best|dc2_lcorr_resyn|official_evaluate|full_word,student/work/reverse_unknown_20260603_1812/ex285/verilog/ex285_unknown_12x12_decision_tree_greedy.v,student/work/ex285_frontend_gt2_gia_iter_round45_20260613_0847/local-ex285-gia-r45/ex285/aigs/ex285_r45_dc2_lcorr_resyn_from_frontend_best.aig,1,not_run,651,17,11067,student/work/ex285_frontend_gt2_gia_iter_round45_20260613_0847/local-ex285-gia-r45/ex285/logs/ex285_r45_dc2_lcorr_resyn_from_frontend_best.evaluate.py.log,official evaluate.py OK; abc_log=student/work/ex285_frontend_gt2_gia_iter_round45_20260613_0847/local-ex285-gia-r45/ex285/logs/ex285_r45_dc2_lcorr_resyn_from_frontend_best.abc.log; gen_sec=0.116; eval_sec=0.219; flow=strash; dc2; lcorr; dc2; balance; rewrite -z; balance
ex285,unknown,local-ex285-gia-r45,ex285_r45_rw_resub_loop5_from_frontend_best,frontend best structural remap from current best,ABC diverse remap flow rw_resub_loop5,preserves existing shared frontend decode/logic; applies ABC structural rewriting,ex285|frontend_best_structural_remap|abc_diverse_rw_resub_loop5|preserve_frontend_source_shared_logic|parent_ex285_r44_dc2_scorr_resyn_from_frontend_best|rw_resub_loop5|official_evaluate|full_word,student/work/reverse_unknown_20260603_1812/ex285/verilog/ex285_unknown_12x12_decision_tree_greedy.v,student/work/ex285_frontend_gt2_gia_iter_round45_20260613_0847/local-ex285-gia-r45/ex285/aigs/ex285_r45_rw_resub_loop5_from_frontend_best.aig,1,not_run,650,17,11050,student/work/ex285_frontend_gt2_gia_iter_round45_20260613_0847/local-ex285-gia-r45/ex285/logs/ex285_r45_rw_resub_loop5_from_frontend_best.evaluate.py.log,official evaluate.py OK; abc_log=student/work/ex285_frontend_gt2_gia_iter_round45_20260613_0847/local-ex285-gia-r45/ex285/logs/ex285_r45_rw_resub_loop5_from_frontend_best.abc.log; gen_sec=0.107; eval_sec=0.215; flow=strash; rewrite; rewrite -z; resub -K 6 -N 2; rewrite -z; resub -K 8 -N 2; refactor -z; rewrite -z; balance
ex285,unknown,local-ex285-gia-r45,ex285_r45_area_then_delay_recover_from_frontend_best,frontend best structural remap from current best,ABC diverse remap flow area_then_delay_recover,preserves existing shared frontend decode/logic; applies ABC structural rewriting,ex285|frontend_best_structural_remap|abc_diverse_area_then_delay_recover|preserve_frontend_source_shared_logic|parent_ex285_r44_dc2_scorr_resyn_from_frontend_best|area_then_delay_recover|official_evaluate|full_word,student/work/reverse_unknown_20260603_1812/ex285/verilog/ex285_unknown_12x12_decision_tree_greedy.v,student/work/ex285_frontend_gt2_gia_iter_round45_20260613_0847/local-ex285-gia-r45/ex285/aigs/ex285_r45_area_then_delay_recover_from_frontend_best.aig,1,not_run,651,17,11067,student/work/ex285_frontend_gt2_gia_iter_round45_20260613_0847/local-ex285-gia-r45/ex285/logs/ex285_r45_area_then_delay_recover_from_frontend_best.evaluate.py.log,official evaluate.py OK; abc_log=student/work/ex285_frontend_gt2_gia_iter_round45_20260613_0847/local-ex285-gia-r45/ex285/logs/ex285_r45_area_then_delay_recover_from_frontend_best.abc.log; gen_sec=0.097; eval_sec=0.224; flow=strash; balance -l; rewrite -l; refactor -l; rewrite -z -l; refactor -z -l; balance; rewrite; rewrite -z; balance
ex285,unknown,local-ex285-gia-r45,ex285_r45_gia_dc2_put_from_frontend_best,frontend best structural remap from current best,ABC diverse remap flow gia_dc2_put,preserves existing shared frontend decode/logic; applies ABC structural rewriting,ex285|frontend_best_structural_remap|abc_diverse_gia_dc2_put|preserve_frontend_source_shared_logic|parent_ex285_r44_dc2_scorr_resyn_from_frontend_best|gia_dc2_put|official_evaluate|full_word,student/work/reverse_unknown_20260603_1812/ex285/verilog/ex285_unknown_12x12_decision_tree_greedy.v,student/work/ex285_frontend_gt2_gia_iter_round45_20260613_0847/local-ex285-gia-r45/ex285/aigs/ex285_r45_gia_dc2_put_from_frontend_best.aig,1,not_run,651,17,11067,student/work/ex285_frontend_gt2_gia_iter_round45_20260613_0847/local-ex285-gia-r45/ex285/logs/ex285_r45_gia_dc2_put_from_frontend_best.evaluate.py.log,official evaluate.py OK; abc_log=student/work/ex285_frontend_gt2_gia_iter_round45_20260613_0847/local-ex285-gia-r45/ex285/logs/ex285_r45_gia_dc2_put_from_frontend_best.abc.log; gen_sec=0.077; eval_sec=0.215; flow=strash; &get; &dc2; &put; balance
ex285,unknown,local-ex285-gia-r45,ex285_r45_gia_dch_put_from_frontend_best,frontend best structural remap from current best,ABC diverse remap flow gia_dch_put,preserves existing shared frontend decode/logic; applies ABC structural rewriting,ex285|frontend_best_structural_remap|abc_diverse_gia_dch_put|preserve_frontend_source_shared_logic|parent_ex285_r44_dc2_scorr_resyn_from_frontend_best|gia_dch_put|official_evaluate|full_word,student/work/reverse_unknown_20260603_1812/ex285/verilog/ex285_unknown_12x12_decision_tree_greedy.v,student/work/ex285_frontend_gt2_gia_iter_round45_20260613_0847/local-ex285-gia-r45/ex285/aigs/ex285_r45_gia_dch_put_from_frontend_best.aig,1,not_run,651,17,11067,student/work/ex285_frontend_gt2_gia_iter_round45_20260613_0847/local-ex285-gia-r45/ex285/logs/ex285_r45_gia_dch_put_from_frontend_best.evaluate.py.log,official evaluate.py OK; abc_log=student/work/ex285_frontend_gt2_gia_iter_round45_20260613_0847/local-ex285-gia-r45/ex285/logs/ex285_r45_gia_dch_put_from_frontend_best.abc.log; gen_sec=0.072; eval_sec=0.212; flow=strash; &get; &dch; &put; balance
ex285,unknown,local-ex285-gia-r45,ex285_r45_gia_dc2_rw_from_frontend_best,frontend best structural remap from current best,ABC diverse remap flow gia_dc2_rw,preserves existing shared frontend decode/logic; applies ABC structural rewriting,ex285|frontend_best_structural_remap|abc_diverse_gia_dc2_rw|preserve_frontend_source_shared_logic|parent_ex285_r44_dc2_scorr_resyn_from_frontend_best|gia_dc2_rw|official_evaluate|full_word,student/work/reverse_unknown_20260603_1812/ex285/verilog/ex285_unknown_12x12_decision_tree_greedy.v,student/work/ex285_frontend_gt2_gia_iter_round45_20260613_0847/local-ex285-gia-r45/ex285/aigs/ex285_r45_gia_dc2_rw_from_frontend_best.aig,1,not_run,651,17,11067,student/work/ex285_frontend_gt2_gia_iter_round45_20260613_0847/local-ex285-gia-r45/ex285/logs/ex285_r45_gia_dc2_rw_from_frontend_best.evaluate.py.log,official evaluate.py OK; abc_log=student/work/ex285_frontend_gt2_gia_iter_round45_20260613_0847/local-ex285-gia-r45/ex285/logs/ex285_r45_gia_dc2_rw_from_frontend_best.abc.log; gen_sec=0.100; eval_sec=0.214; flow=strash; &get; &dc2; &put; rewrite; rewrite -z; balance
