case,candidate_id,hypothesis/function_guess,variant,verilog_path,aig_path,verified_truth,synthesized,equivalent,area,delay,adp,reference_adp,adp_ratio_to_reference,within_1p5_reference,beats_reference,runtime_sec,items,classification,notes
ex236,ex236_core_clamp_hi5_default,fp16_cube,core_clamp_hi5_default,student/work/ex236_ex238_frontend_fp16_core_clamp_allflows_20260608_0953/ex236/verilog/ex236_core_clamp_hi5.v,student/work/ex236_ex238_frontend_fp16_core_clamp_allflows_20260608_0953/ex236/aigs/ex236_core_clamp_hi5_default.aig,1,1,1,1507,16,24112,17290,1.394563,1,0,1.125,"exp_delta_width=2; exp_delta_runs=3; exp_delta_max=2; mant_high=; low_width=10; nested_hi=5; boundary_clamp=exp10 mant1..0x109 zero, mant0x10a min-normal, exp20 mant>=0x10b inf",semantic_core_clamp,"exp_delta_width=2; exp_delta_runs=3; exp_delta_max=2; mant_high=; low_width=10; nested_hi=5; boundary_clamp=exp10 mant1..0x109 zero, mant0x10a min-normal, exp20 mant>=0x10b inf"
ex236,ex236_core_clamp_hi5_no_internal_abc,fp16_cube,core_clamp_hi5_no_internal_abc,student/work/ex236_ex238_frontend_fp16_core_clamp_allflows_20260608_0953/ex236/verilog/ex236_core_clamp_hi5.v,student/work/ex236_ex238_frontend_fp16_core_clamp_allflows_20260608_0953/ex236/aigs/ex236_core_clamp_hi5_no_internal_abc.aig,1,1,1,1946,23,44758,17290,2.588664,0,0,0.944,"exp_delta_width=2; exp_delta_runs=3; exp_delta_max=2; mant_high=; low_width=10; nested_hi=5; boundary_clamp=exp10 mant1..0x109 zero, mant0x10a min-normal, exp20 mant>=0x10b inf",semantic_core_clamp,"exp_delta_width=2; exp_delta_runs=3; exp_delta_max=2; mant_high=; low_width=10; nested_hi=5; boundary_clamp=exp10 mant1..0x109 zero, mant0x10a min-normal, exp20 mant>=0x10b inf"
ex236,ex236_core_clamp_hi5_abc_fast,fp16_cube,core_clamp_hi5_abc_fast,student/work/ex236_ex238_frontend_fp16_core_clamp_allflows_20260608_0953/ex236/verilog/ex236_core_clamp_hi5.v,student/work/ex236_ex238_frontend_fp16_core_clamp_allflows_20260608_0953/ex236/aigs/ex236_core_clamp_hi5_abc_fast.aig,1,1,1,1892,21,39732,17290,2.297976,0,0,1.021,"exp_delta_width=2; exp_delta_runs=3; exp_delta_max=2; mant_high=; low_width=10; nested_hi=5; boundary_clamp=exp10 mant1..0x109 zero, mant0x10a min-normal, exp20 mant>=0x10b inf",semantic_core_clamp,"exp_delta_width=2; exp_delta_runs=3; exp_delta_max=2; mant_high=; low_width=10; nested_hi=5; boundary_clamp=exp10 mant1..0x109 zero, mant0x10a min-normal, exp20 mant>=0x10b inf"
ex236,ex236_core_clamp_hi5_abc_d20,fp16_cube,core_clamp_hi5_abc_d20,student/work/ex236_ex238_frontend_fp16_core_clamp_allflows_20260608_0953/ex236/verilog/ex236_core_clamp_hi5.v,student/work/ex236_ex238_frontend_fp16_core_clamp_allflows_20260608_0953/ex236/aigs/ex236_core_clamp_hi5_abc_d20.aig,1,1,1,1507,16,24112,17290,1.394563,1,0,1.107,"exp_delta_width=2; exp_delta_runs=3; exp_delta_max=2; mant_high=; low_width=10; nested_hi=5; boundary_clamp=exp10 mant1..0x109 zero, mant0x10a min-normal, exp20 mant>=0x10b inf",semantic_core_clamp,"exp_delta_width=2; exp_delta_runs=3; exp_delta_max=2; mant_high=; low_width=10; nested_hi=5; boundary_clamp=exp10 mant1..0x109 zero, mant0x10a min-normal, exp20 mant>=0x10b inf"
ex236,ex236_core_clamp_hi5_abc_d21,fp16_cube,core_clamp_hi5_abc_d21,student/work/ex236_ex238_frontend_fp16_core_clamp_allflows_20260608_0953/ex236/verilog/ex236_core_clamp_hi5.v,student/work/ex236_ex238_frontend_fp16_core_clamp_allflows_20260608_0953/ex236/aigs/ex236_core_clamp_hi5_abc_d21.aig,1,1,1,1507,16,24112,17290,1.394563,1,0,1.110,"exp_delta_width=2; exp_delta_runs=3; exp_delta_max=2; mant_high=; low_width=10; nested_hi=5; boundary_clamp=exp10 mant1..0x109 zero, mant0x10a min-normal, exp20 mant>=0x10b inf",semantic_core_clamp,"exp_delta_width=2; exp_delta_runs=3; exp_delta_max=2; mant_high=; low_width=10; nested_hi=5; boundary_clamp=exp10 mant1..0x109 zero, mant0x10a min-normal, exp20 mant>=0x10b inf"
ex236,ex236_core_clamp_hi5_abc_d22,fp16_cube,core_clamp_hi5_abc_d22,student/work/ex236_ex238_frontend_fp16_core_clamp_allflows_20260608_0953/ex236/verilog/ex236_core_clamp_hi5.v,student/work/ex236_ex238_frontend_fp16_core_clamp_allflows_20260608_0953/ex236/aigs/ex236_core_clamp_hi5_abc_d22.aig,1,1,1,1507,16,24112,17290,1.394563,1,0,1.104,"exp_delta_width=2; exp_delta_runs=3; exp_delta_max=2; mant_high=; low_width=10; nested_hi=5; boundary_clamp=exp10 mant1..0x109 zero, mant0x10a min-normal, exp20 mant>=0x10b inf",semantic_core_clamp,"exp_delta_width=2; exp_delta_runs=3; exp_delta_max=2; mant_high=; low_width=10; nested_hi=5; boundary_clamp=exp10 mant1..0x109 zero, mant0x10a min-normal, exp20 mant>=0x10b inf"
ex236,ex236_core_clamp_hi5_abc_d24,fp16_cube,core_clamp_hi5_abc_d24,student/work/ex236_ex238_frontend_fp16_core_clamp_allflows_20260608_0953/ex236/verilog/ex236_core_clamp_hi5.v,student/work/ex236_ex238_frontend_fp16_core_clamp_allflows_20260608_0953/ex236/aigs/ex236_core_clamp_hi5_abc_d24.aig,1,1,1,1507,16,24112,17290,1.394563,1,0,1.108,"exp_delta_width=2; exp_delta_runs=3; exp_delta_max=2; mant_high=; low_width=10; nested_hi=5; boundary_clamp=exp10 mant1..0x109 zero, mant0x10a min-normal, exp20 mant>=0x10b inf",semantic_core_clamp,"exp_delta_width=2; exp_delta_runs=3; exp_delta_max=2; mant_high=; low_width=10; nested_hi=5; boundary_clamp=exp10 mant1..0x109 zero, mant0x10a min-normal, exp20 mant>=0x10b inf"
ex236,ex236_core_clamp_hi5_abc_g_aig,fp16_cube,core_clamp_hi5_abc_g_aig,student/work/ex236_ex238_frontend_fp16_core_clamp_allflows_20260608_0953/ex236/verilog/ex236_core_clamp_hi5.v,student/work/ex236_ex238_frontend_fp16_core_clamp_allflows_20260608_0953/ex236/aigs/ex236_core_clamp_hi5_abc_g_aig.aig,1,1,1,1493,16,23888,17290,1.381608,1,0,1.143,"exp_delta_width=2; exp_delta_runs=3; exp_delta_max=2; mant_high=; low_width=10; nested_hi=5; boundary_clamp=exp10 mant1..0x109 zero, mant0x10a min-normal, exp20 mant>=0x10b inf",semantic_core_clamp,"exp_delta_width=2; exp_delta_runs=3; exp_delta_max=2; mant_high=; low_width=10; nested_hi=5; boundary_clamp=exp10 mant1..0x109 zero, mant0x10a min-normal, exp20 mant>=0x10b inf"
ex236,ex236_core_clamp_hi5_abc_g_simple,fp16_cube,core_clamp_hi5_abc_g_simple,student/work/ex236_ex238_frontend_fp16_core_clamp_allflows_20260608_0953/ex236/verilog/ex236_core_clamp_hi5.v,student/work/ex236_ex238_frontend_fp16_core_clamp_allflows_20260608_0953/ex236/aigs/ex236_core_clamp_hi5_abc_g_simple.aig,1,1,1,1566,17,26622,17290,1.539734,0,0,1.187,"exp_delta_width=2; exp_delta_runs=3; exp_delta_max=2; mant_high=; low_width=10; nested_hi=5; boundary_clamp=exp10 mant1..0x109 zero, mant0x10a min-normal, exp20 mant>=0x10b inf",semantic_core_clamp,"exp_delta_width=2; exp_delta_runs=3; exp_delta_max=2; mant_high=; low_width=10; nested_hi=5; boundary_clamp=exp10 mant1..0x109 zero, mant0x10a min-normal, exp20 mant>=0x10b inf"
ex236,ex236_core_clamp_hi5_abc_g_and_mux,fp16_cube,core_clamp_hi5_abc_g_and_mux,student/work/ex236_ex238_frontend_fp16_core_clamp_allflows_20260608_0953/ex236/verilog/ex236_core_clamp_hi5.v,student/work/ex236_ex238_frontend_fp16_core_clamp_allflows_20260608_0953/ex236/aigs/ex236_core_clamp_hi5_abc_g_and_mux.aig,1,1,1,1575,16,25200,17290,1.457490,1,0,2.180,"exp_delta_width=2; exp_delta_runs=3; exp_delta_max=2; mant_high=; low_width=10; nested_hi=5; boundary_clamp=exp10 mant1..0x109 zero, mant0x10a min-normal, exp20 mant>=0x10b inf",semantic_core_clamp,"exp_delta_width=2; exp_delta_runs=3; exp_delta_max=2; mant_high=; low_width=10; nested_hi=5; boundary_clamp=exp10 mant1..0x109 zero, mant0x10a min-normal, exp20 mant>=0x10b inf"
ex236,ex236_core_clamp_hi5_extra_opt_share,fp16_cube,core_clamp_hi5_extra_opt_share,student/work/ex236_ex238_frontend_fp16_core_clamp_allflows_20260608_0953/ex236/verilog/ex236_core_clamp_hi5.v,student/work/ex236_ex238_frontend_fp16_core_clamp_allflows_20260608_0953/ex236/aigs/ex236_core_clamp_hi5_extra_opt_share.aig,1,1,1,1480,17,25160,17290,1.455176,1,0,2.299,"exp_delta_width=2; exp_delta_runs=3; exp_delta_max=2; mant_high=; low_width=10; nested_hi=5; boundary_clamp=exp10 mant1..0x109 zero, mant0x10a min-normal, exp20 mant>=0x10b inf",semantic_core_clamp,"exp_delta_width=2; exp_delta_runs=3; exp_delta_max=2; mant_high=; low_width=10; nested_hi=5; boundary_clamp=exp10 mant1..0x109 zero, mant0x10a min-normal, exp20 mant>=0x10b inf"
ex236,ex236_core_clamp_hi5_late_flatten,fp16_cube,core_clamp_hi5_late_flatten,student/work/ex236_ex238_frontend_fp16_core_clamp_allflows_20260608_0953/ex236/verilog/ex236_core_clamp_hi5.v,student/work/ex236_ex238_frontend_fp16_core_clamp_allflows_20260608_0953/ex236/aigs/ex236_core_clamp_hi5_late_flatten.aig,1,1,1,1507,16,24112,17290,1.394563,1,0,1.158,"exp_delta_width=2; exp_delta_runs=3; exp_delta_max=2; mant_high=; low_width=10; nested_hi=5; boundary_clamp=exp10 mant1..0x109 zero, mant0x10a min-normal, exp20 mant>=0x10b inf",semantic_core_clamp,"exp_delta_width=2; exp_delta_runs=3; exp_delta_max=2; mant_high=; low_width=10; nested_hi=5; boundary_clamp=exp10 mant1..0x109 zero, mant0x10a min-normal, exp20 mant>=0x10b inf"
ex236,ex236_core_clamp_hi5_synth_preset,fp16_cube,core_clamp_hi5_synth_preset,student/work/ex236_ex238_frontend_fp16_core_clamp_allflows_20260608_0953/ex236/verilog/ex236_core_clamp_hi5.v,student/work/ex236_ex238_frontend_fp16_core_clamp_allflows_20260608_0953/ex236/aigs/ex236_core_clamp_hi5_synth_preset.aig,1,1,1,1453,17,24701,17290,1.428629,1,0,1.316,"exp_delta_width=2; exp_delta_runs=3; exp_delta_max=2; mant_high=; low_width=10; nested_hi=5; boundary_clamp=exp10 mant1..0x109 zero, mant0x10a min-normal, exp20 mant>=0x10b inf",semantic_core_clamp,"exp_delta_width=2; exp_delta_runs=3; exp_delta_max=2; mant_high=; low_width=10; nested_hi=5; boundary_clamp=exp10 mant1..0x109 zero, mant0x10a min-normal, exp20 mant>=0x10b inf"
ex236,ex236_core_clamp_hi5_synth_preset_noabc,fp16_cube,core_clamp_hi5_synth_preset_noabc,student/work/ex236_ex238_frontend_fp16_core_clamp_allflows_20260608_0953/ex236/verilog/ex236_core_clamp_hi5.v,student/work/ex236_ex238_frontend_fp16_core_clamp_allflows_20260608_0953/ex236/aigs/ex236_core_clamp_hi5_synth_preset_noabc.aig,1,1,1,2000,28,56000,17290,3.238866,0,0,0.947,"exp_delta_width=2; exp_delta_runs=3; exp_delta_max=2; mant_high=; low_width=10; nested_hi=5; boundary_clamp=exp10 mant1..0x109 zero, mant0x10a min-normal, exp20 mant>=0x10b inf",semantic_core_clamp,"exp_delta_width=2; exp_delta_runs=3; exp_delta_max=2; mant_high=; low_width=10; nested_hi=5; boundary_clamp=exp10 mant1..0x109 zero, mant0x10a min-normal, exp20 mant>=0x10b inf"
ex236,ex236_core_clamp_hi5_abc_g_aig_d18,fp16_cube,core_clamp_hi5_abc_g_aig_d18,student/work/ex236_ex238_frontend_fp16_core_clamp_allflows_20260608_0953/ex236/verilog/ex236_core_clamp_hi5.v,student/work/ex236_ex238_frontend_fp16_core_clamp_allflows_20260608_0953/ex236/aigs/ex236_core_clamp_hi5_abc_g_aig_d18.aig,1,1,1,1493,16,23888,17290,1.381608,1,0,1.126,"exp_delta_width=2; exp_delta_runs=3; exp_delta_max=2; mant_high=; low_width=10; nested_hi=5; boundary_clamp=exp10 mant1..0x109 zero, mant0x10a min-normal, exp20 mant>=0x10b inf",semantic_core_clamp,"exp_delta_width=2; exp_delta_runs=3; exp_delta_max=2; mant_high=; low_width=10; nested_hi=5; boundary_clamp=exp10 mant1..0x109 zero, mant0x10a min-normal, exp20 mant>=0x10b inf"
ex236,ex236_core_clamp_hi5_abc_g_aig_d19,fp16_cube,core_clamp_hi5_abc_g_aig_d19,student/work/ex236_ex238_frontend_fp16_core_clamp_allflows_20260608_0953/ex236/verilog/ex236_core_clamp_hi5.v,student/work/ex236_ex238_frontend_fp16_core_clamp_allflows_20260608_0953/ex236/aigs/ex236_core_clamp_hi5_abc_g_aig_d19.aig,1,1,1,1493,16,23888,17290,1.381608,1,0,1.124,"exp_delta_width=2; exp_delta_runs=3; exp_delta_max=2; mant_high=; low_width=10; nested_hi=5; boundary_clamp=exp10 mant1..0x109 zero, mant0x10a min-normal, exp20 mant>=0x10b inf",semantic_core_clamp,"exp_delta_width=2; exp_delta_runs=3; exp_delta_max=2; mant_high=; low_width=10; nested_hi=5; boundary_clamp=exp10 mant1..0x109 zero, mant0x10a min-normal, exp20 mant>=0x10b inf"
ex236,ex236_core_clamp_hi5_abc_g_aig_d20,fp16_cube,core_clamp_hi5_abc_g_aig_d20,student/work/ex236_ex238_frontend_fp16_core_clamp_allflows_20260608_0953/ex236/verilog/ex236_core_clamp_hi5.v,student/work/ex236_ex238_frontend_fp16_core_clamp_allflows_20260608_0953/ex236/aigs/ex236_core_clamp_hi5_abc_g_aig_d20.aig,1,1,1,1493,16,23888,17290,1.381608,1,0,1.127,"exp_delta_width=2; exp_delta_runs=3; exp_delta_max=2; mant_high=; low_width=10; nested_hi=5; boundary_clamp=exp10 mant1..0x109 zero, mant0x10a min-normal, exp20 mant>=0x10b inf",semantic_core_clamp,"exp_delta_width=2; exp_delta_runs=3; exp_delta_max=2; mant_high=; low_width=10; nested_hi=5; boundary_clamp=exp10 mant1..0x109 zero, mant0x10a min-normal, exp20 mant>=0x10b inf"
ex236,ex236_core_clamp_hi5_abc_g_aig_d21,fp16_cube,core_clamp_hi5_abc_g_aig_d21,student/work/ex236_ex238_frontend_fp16_core_clamp_allflows_20260608_0953/ex236/verilog/ex236_core_clamp_hi5.v,student/work/ex236_ex238_frontend_fp16_core_clamp_allflows_20260608_0953/ex236/aigs/ex236_core_clamp_hi5_abc_g_aig_d21.aig,1,1,1,1493,16,23888,17290,1.381608,1,0,1.126,"exp_delta_width=2; exp_delta_runs=3; exp_delta_max=2; mant_high=; low_width=10; nested_hi=5; boundary_clamp=exp10 mant1..0x109 zero, mant0x10a min-normal, exp20 mant>=0x10b inf",semantic_core_clamp,"exp_delta_width=2; exp_delta_runs=3; exp_delta_max=2; mant_high=; low_width=10; nested_hi=5; boundary_clamp=exp10 mant1..0x109 zero, mant0x10a min-normal, exp20 mant>=0x10b inf"
ex236,ex236_core_clamp_hi5_abc_g_gates,fp16_cube,core_clamp_hi5_abc_g_gates,student/work/ex236_ex238_frontend_fp16_core_clamp_allflows_20260608_0953/ex236/verilog/ex236_core_clamp_hi5.v,student/work/ex236_ex238_frontend_fp16_core_clamp_allflows_20260608_0953/ex236/aigs/ex236_core_clamp_hi5_abc_g_gates.aig,1,1,1,1493,16,23888,17290,1.381608,1,0,1.121,"exp_delta_width=2; exp_delta_runs=3; exp_delta_max=2; mant_high=; low_width=10; nested_hi=5; boundary_clamp=exp10 mant1..0x109 zero, mant0x10a min-normal, exp20 mant>=0x10b inf",semantic_core_clamp,"exp_delta_width=2; exp_delta_runs=3; exp_delta_max=2; mant_high=; low_width=10; nested_hi=5; boundary_clamp=exp10 mant1..0x109 zero, mant0x10a min-normal, exp20 mant>=0x10b inf"
ex236,ex236_core_clamp_hi5_abc_g_cmos2,fp16_cube,core_clamp_hi5_abc_g_cmos2,student/work/ex236_ex238_frontend_fp16_core_clamp_allflows_20260608_0953/ex236/verilog/ex236_core_clamp_hi5.v,student/work/ex236_ex238_frontend_fp16_core_clamp_allflows_20260608_0953/ex236/aigs/ex236_core_clamp_hi5_abc_g_cmos2.aig,1,1,1,1525,17,25925,17290,1.499422,1,0,1.159,"exp_delta_width=2; exp_delta_runs=3; exp_delta_max=2; mant_high=; low_width=10; nested_hi=5; boundary_clamp=exp10 mant1..0x109 zero, mant0x10a min-normal, exp20 mant>=0x10b inf",semantic_core_clamp,"exp_delta_width=2; exp_delta_runs=3; exp_delta_max=2; mant_high=; low_width=10; nested_hi=5; boundary_clamp=exp10 mant1..0x109 zero, mant0x10a min-normal, exp20 mant>=0x10b inf"
ex236,ex236_core_clamp_hi6_default,fp16_cube,core_clamp_hi6_default,student/work/ex236_ex238_frontend_fp16_core_clamp_allflows_20260608_0953/ex236/verilog/ex236_core_clamp_hi6.v,student/work/ex236_ex238_frontend_fp16_core_clamp_allflows_20260608_0953/ex236/aigs/ex236_core_clamp_hi6_default.aig,1,1,1,1446,15,21690,17290,1.254482,1,0,2.929,"exp_delta_width=2; exp_delta_runs=3; exp_delta_max=2; mant_high=; low_width=10; nested_hi=6; boundary_clamp=exp10 mant1..0x109 zero, mant0x10a min-normal, exp20 mant>=0x10b inf",semantic_core_clamp,"exp_delta_width=2; exp_delta_runs=3; exp_delta_max=2; mant_high=; low_width=10; nested_hi=6; boundary_clamp=exp10 mant1..0x109 zero, mant0x10a min-normal, exp20 mant>=0x10b inf"
ex236,ex236_core_clamp_hi6_no_internal_abc,fp16_cube,core_clamp_hi6_no_internal_abc,student/work/ex236_ex238_frontend_fp16_core_clamp_allflows_20260608_0953/ex236/verilog/ex236_core_clamp_hi6.v,student/work/ex236_ex238_frontend_fp16_core_clamp_allflows_20260608_0953/ex236/aigs/ex236_core_clamp_hi6_no_internal_abc.aig,1,1,1,1873,23,43079,17290,2.491556,0,0,1.385,"exp_delta_width=2; exp_delta_runs=3; exp_delta_max=2; mant_high=; low_width=10; nested_hi=6; boundary_clamp=exp10 mant1..0x109 zero, mant0x10a min-normal, exp20 mant>=0x10b inf",semantic_core_clamp,"exp_delta_width=2; exp_delta_runs=3; exp_delta_max=2; mant_high=; low_width=10; nested_hi=6; boundary_clamp=exp10 mant1..0x109 zero, mant0x10a min-normal, exp20 mant>=0x10b inf"
ex236,ex236_core_clamp_hi6_abc_fast,fp16_cube,core_clamp_hi6_abc_fast,student/work/ex236_ex238_frontend_fp16_core_clamp_allflows_20260608_0953/ex236/verilog/ex236_core_clamp_hi6.v,student/work/ex236_ex238_frontend_fp16_core_clamp_allflows_20260608_0953/ex236/aigs/ex236_core_clamp_hi6_abc_fast.aig,1,1,1,1836,21,38556,17290,2.229960,0,0,1.021,"exp_delta_width=2; exp_delta_runs=3; exp_delta_max=2; mant_high=; low_width=10; nested_hi=6; boundary_clamp=exp10 mant1..0x109 zero, mant0x10a min-normal, exp20 mant>=0x10b inf",semantic_core_clamp,"exp_delta_width=2; exp_delta_runs=3; exp_delta_max=2; mant_high=; low_width=10; nested_hi=6; boundary_clamp=exp10 mant1..0x109 zero, mant0x10a min-normal, exp20 mant>=0x10b inf"
ex236,ex236_core_clamp_hi6_abc_d20,fp16_cube,core_clamp_hi6_abc_d20,student/work/ex236_ex238_frontend_fp16_core_clamp_allflows_20260608_0953/ex236/verilog/ex236_core_clamp_hi6.v,student/work/ex236_ex238_frontend_fp16_core_clamp_allflows_20260608_0953/ex236/aigs/ex236_core_clamp_hi6_abc_d20.aig,1,1,1,1446,15,21690,17290,1.254482,1,0,1.144,"exp_delta_width=2; exp_delta_runs=3; exp_delta_max=2; mant_high=; low_width=10; nested_hi=6; boundary_clamp=exp10 mant1..0x109 zero, mant0x10a min-normal, exp20 mant>=0x10b inf",semantic_core_clamp,"exp_delta_width=2; exp_delta_runs=3; exp_delta_max=2; mant_high=; low_width=10; nested_hi=6; boundary_clamp=exp10 mant1..0x109 zero, mant0x10a min-normal, exp20 mant>=0x10b inf"
ex236,ex236_core_clamp_hi6_abc_d21,fp16_cube,core_clamp_hi6_abc_d21,student/work/ex236_ex238_frontend_fp16_core_clamp_allflows_20260608_0953/ex236/verilog/ex236_core_clamp_hi6.v,student/work/ex236_ex238_frontend_fp16_core_clamp_allflows_20260608_0953/ex236/aigs/ex236_core_clamp_hi6_abc_d21.aig,1,1,1,1446,15,21690,17290,1.254482,1,0,1.140,"exp_delta_width=2; exp_delta_runs=3; exp_delta_max=2; mant_high=; low_width=10; nested_hi=6; boundary_clamp=exp10 mant1..0x109 zero, mant0x10a min-normal, exp20 mant>=0x10b inf",semantic_core_clamp,"exp_delta_width=2; exp_delta_runs=3; exp_delta_max=2; mant_high=; low_width=10; nested_hi=6; boundary_clamp=exp10 mant1..0x109 zero, mant0x10a min-normal, exp20 mant>=0x10b inf"
ex236,ex236_core_clamp_hi6_abc_d22,fp16_cube,core_clamp_hi6_abc_d22,student/work/ex236_ex238_frontend_fp16_core_clamp_allflows_20260608_0953/ex236/verilog/ex236_core_clamp_hi6.v,student/work/ex236_ex238_frontend_fp16_core_clamp_allflows_20260608_0953/ex236/aigs/ex236_core_clamp_hi6_abc_d22.aig,1,1,1,1446,15,21690,17290,1.254482,1,0,1.141,"exp_delta_width=2; exp_delta_runs=3; exp_delta_max=2; mant_high=; low_width=10; nested_hi=6; boundary_clamp=exp10 mant1..0x109 zero, mant0x10a min-normal, exp20 mant>=0x10b inf",semantic_core_clamp,"exp_delta_width=2; exp_delta_runs=3; exp_delta_max=2; mant_high=; low_width=10; nested_hi=6; boundary_clamp=exp10 mant1..0x109 zero, mant0x10a min-normal, exp20 mant>=0x10b inf"
ex236,ex236_core_clamp_hi6_abc_d24,fp16_cube,core_clamp_hi6_abc_d24,student/work/ex236_ex238_frontend_fp16_core_clamp_allflows_20260608_0953/ex236/verilog/ex236_core_clamp_hi6.v,student/work/ex236_ex238_frontend_fp16_core_clamp_allflows_20260608_0953/ex236/aigs/ex236_core_clamp_hi6_abc_d24.aig,1,1,1,1446,15,21690,17290,1.254482,1,0,1.142,"exp_delta_width=2; exp_delta_runs=3; exp_delta_max=2; mant_high=; low_width=10; nested_hi=6; boundary_clamp=exp10 mant1..0x109 zero, mant0x10a min-normal, exp20 mant>=0x10b inf",semantic_core_clamp,"exp_delta_width=2; exp_delta_runs=3; exp_delta_max=2; mant_high=; low_width=10; nested_hi=6; boundary_clamp=exp10 mant1..0x109 zero, mant0x10a min-normal, exp20 mant>=0x10b inf"
ex236,ex236_core_clamp_hi6_abc_g_aig,fp16_cube,core_clamp_hi6_abc_g_aig,student/work/ex236_ex238_frontend_fp16_core_clamp_allflows_20260608_0953/ex236/verilog/ex236_core_clamp_hi6.v,student/work/ex236_ex238_frontend_fp16_core_clamp_allflows_20260608_0953/ex236/aigs/ex236_core_clamp_hi6_abc_g_aig.aig,1,1,1,1432,15,21480,17290,1.242337,1,0,1.152,"exp_delta_width=2; exp_delta_runs=3; exp_delta_max=2; mant_high=; low_width=10; nested_hi=6; boundary_clamp=exp10 mant1..0x109 zero, mant0x10a min-normal, exp20 mant>=0x10b inf",semantic_core_clamp,"exp_delta_width=2; exp_delta_runs=3; exp_delta_max=2; mant_high=; low_width=10; nested_hi=6; boundary_clamp=exp10 mant1..0x109 zero, mant0x10a min-normal, exp20 mant>=0x10b inf"
ex236,ex236_core_clamp_hi6_abc_g_simple,fp16_cube,core_clamp_hi6_abc_g_simple,student/work/ex236_ex238_frontend_fp16_core_clamp_allflows_20260608_0953/ex236/verilog/ex236_core_clamp_hi6.v,student/work/ex236_ex238_frontend_fp16_core_clamp_allflows_20260608_0953/ex236/aigs/ex236_core_clamp_hi6_abc_g_simple.aig,1,1,1,1514,15,22710,17290,1.313476,1,0,1.174,"exp_delta_width=2; exp_delta_runs=3; exp_delta_max=2; mant_high=; low_width=10; nested_hi=6; boundary_clamp=exp10 mant1..0x109 zero, mant0x10a min-normal, exp20 mant>=0x10b inf",semantic_core_clamp,"exp_delta_width=2; exp_delta_runs=3; exp_delta_max=2; mant_high=; low_width=10; nested_hi=6; boundary_clamp=exp10 mant1..0x109 zero, mant0x10a min-normal, exp20 mant>=0x10b inf"
ex236,ex236_core_clamp_hi6_abc_g_and_mux,fp16_cube,core_clamp_hi6_abc_g_and_mux,student/work/ex236_ex238_frontend_fp16_core_clamp_allflows_20260608_0953/ex236/verilog/ex236_core_clamp_hi6.v,student/work/ex236_ex238_frontend_fp16_core_clamp_allflows_20260608_0953/ex236/aigs/ex236_core_clamp_hi6_abc_g_and_mux.aig,1,1,1,1498,15,22470,17290,1.299595,1,0,1.173,"exp_delta_width=2; exp_delta_runs=3; exp_delta_max=2; mant_high=; low_width=10; nested_hi=6; boundary_clamp=exp10 mant1..0x109 zero, mant0x10a min-normal, exp20 mant>=0x10b inf",semantic_core_clamp,"exp_delta_width=2; exp_delta_runs=3; exp_delta_max=2; mant_high=; low_width=10; nested_hi=6; boundary_clamp=exp10 mant1..0x109 zero, mant0x10a min-normal, exp20 mant>=0x10b inf"
ex236,ex236_core_clamp_hi6_extra_opt_share,fp16_cube,core_clamp_hi6_extra_opt_share,student/work/ex236_ex238_frontend_fp16_core_clamp_allflows_20260608_0953/ex236/verilog/ex236_core_clamp_hi6.v,student/work/ex236_ex238_frontend_fp16_core_clamp_allflows_20260608_0953/ex236/aigs/ex236_core_clamp_hi6_extra_opt_share.aig,1,1,1,1443,16,23088,17290,1.335338,1,0,1.190,"exp_delta_width=2; exp_delta_runs=3; exp_delta_max=2; mant_high=; low_width=10; nested_hi=6; boundary_clamp=exp10 mant1..0x109 zero, mant0x10a min-normal, exp20 mant>=0x10b inf",semantic_core_clamp,"exp_delta_width=2; exp_delta_runs=3; exp_delta_max=2; mant_high=; low_width=10; nested_hi=6; boundary_clamp=exp10 mant1..0x109 zero, mant0x10a min-normal, exp20 mant>=0x10b inf"
ex236,ex236_core_clamp_hi6_late_flatten,fp16_cube,core_clamp_hi6_late_flatten,student/work/ex236_ex238_frontend_fp16_core_clamp_allflows_20260608_0953/ex236/verilog/ex236_core_clamp_hi6.v,student/work/ex236_ex238_frontend_fp16_core_clamp_allflows_20260608_0953/ex236/aigs/ex236_core_clamp_hi6_late_flatten.aig,1,1,1,1446,15,21690,17290,1.254482,1,0,1.160,"exp_delta_width=2; exp_delta_runs=3; exp_delta_max=2; mant_high=; low_width=10; nested_hi=6; boundary_clamp=exp10 mant1..0x109 zero, mant0x10a min-normal, exp20 mant>=0x10b inf",semantic_core_clamp,"exp_delta_width=2; exp_delta_runs=3; exp_delta_max=2; mant_high=; low_width=10; nested_hi=6; boundary_clamp=exp10 mant1..0x109 zero, mant0x10a min-normal, exp20 mant>=0x10b inf"
ex236,ex236_core_clamp_hi6_synth_preset,fp16_cube,core_clamp_hi6_synth_preset,student/work/ex236_ex238_frontend_fp16_core_clamp_allflows_20260608_0953/ex236/verilog/ex236_core_clamp_hi6.v,student/work/ex236_ex238_frontend_fp16_core_clamp_allflows_20260608_0953/ex236/aigs/ex236_core_clamp_hi6_synth_preset.aig,1,1,1,1412,17,24004,17290,1.388317,1,0,1.368,"exp_delta_width=2; exp_delta_runs=3; exp_delta_max=2; mant_high=; low_width=10; nested_hi=6; boundary_clamp=exp10 mant1..0x109 zero, mant0x10a min-normal, exp20 mant>=0x10b inf",semantic_core_clamp,"exp_delta_width=2; exp_delta_runs=3; exp_delta_max=2; mant_high=; low_width=10; nested_hi=6; boundary_clamp=exp10 mant1..0x109 zero, mant0x10a min-normal, exp20 mant>=0x10b inf"
ex236,ex236_core_clamp_hi6_synth_preset_noabc,fp16_cube,core_clamp_hi6_synth_preset_noabc,student/work/ex236_ex238_frontend_fp16_core_clamp_allflows_20260608_0953/ex236/verilog/ex236_core_clamp_hi6.v,student/work/ex236_ex238_frontend_fp16_core_clamp_allflows_20260608_0953/ex236/aigs/ex236_core_clamp_hi6_synth_preset_noabc.aig,1,1,1,1916,28,53648,17290,3.102834,0,0,0.967,"exp_delta_width=2; exp_delta_runs=3; exp_delta_max=2; mant_high=; low_width=10; nested_hi=6; boundary_clamp=exp10 mant1..0x109 zero, mant0x10a min-normal, exp20 mant>=0x10b inf",semantic_core_clamp,"exp_delta_width=2; exp_delta_runs=3; exp_delta_max=2; mant_high=; low_width=10; nested_hi=6; boundary_clamp=exp10 mant1..0x109 zero, mant0x10a min-normal, exp20 mant>=0x10b inf"
ex236,ex236_core_clamp_hi6_abc_g_aig_d18,fp16_cube,core_clamp_hi6_abc_g_aig_d18,student/work/ex236_ex238_frontend_fp16_core_clamp_allflows_20260608_0953/ex236/verilog/ex236_core_clamp_hi6.v,student/work/ex236_ex238_frontend_fp16_core_clamp_allflows_20260608_0953/ex236/aigs/ex236_core_clamp_hi6_abc_g_aig_d18.aig,1,1,1,1432,15,21480,17290,1.242337,1,0,1.153,"exp_delta_width=2; exp_delta_runs=3; exp_delta_max=2; mant_high=; low_width=10; nested_hi=6; boundary_clamp=exp10 mant1..0x109 zero, mant0x10a min-normal, exp20 mant>=0x10b inf",semantic_core_clamp,"exp_delta_width=2; exp_delta_runs=3; exp_delta_max=2; mant_high=; low_width=10; nested_hi=6; boundary_clamp=exp10 mant1..0x109 zero, mant0x10a min-normal, exp20 mant>=0x10b inf"
ex236,ex236_core_clamp_hi6_abc_g_aig_d19,fp16_cube,core_clamp_hi6_abc_g_aig_d19,student/work/ex236_ex238_frontend_fp16_core_clamp_allflows_20260608_0953/ex236/verilog/ex236_core_clamp_hi6.v,student/work/ex236_ex238_frontend_fp16_core_clamp_allflows_20260608_0953/ex236/aigs/ex236_core_clamp_hi6_abc_g_aig_d19.aig,1,1,1,1432,15,21480,17290,1.242337,1,0,1.149,"exp_delta_width=2; exp_delta_runs=3; exp_delta_max=2; mant_high=; low_width=10; nested_hi=6; boundary_clamp=exp10 mant1..0x109 zero, mant0x10a min-normal, exp20 mant>=0x10b inf",semantic_core_clamp,"exp_delta_width=2; exp_delta_runs=3; exp_delta_max=2; mant_high=; low_width=10; nested_hi=6; boundary_clamp=exp10 mant1..0x109 zero, mant0x10a min-normal, exp20 mant>=0x10b inf"
ex236,ex236_core_clamp_hi6_abc_g_aig_d20,fp16_cube,core_clamp_hi6_abc_g_aig_d20,student/work/ex236_ex238_frontend_fp16_core_clamp_allflows_20260608_0953/ex236/verilog/ex236_core_clamp_hi6.v,student/work/ex236_ex238_frontend_fp16_core_clamp_allflows_20260608_0953/ex236/aigs/ex236_core_clamp_hi6_abc_g_aig_d20.aig,1,1,1,1432,15,21480,17290,1.242337,1,0,1.156,"exp_delta_width=2; exp_delta_runs=3; exp_delta_max=2; mant_high=; low_width=10; nested_hi=6; boundary_clamp=exp10 mant1..0x109 zero, mant0x10a min-normal, exp20 mant>=0x10b inf",semantic_core_clamp,"exp_delta_width=2; exp_delta_runs=3; exp_delta_max=2; mant_high=; low_width=10; nested_hi=6; boundary_clamp=exp10 mant1..0x109 zero, mant0x10a min-normal, exp20 mant>=0x10b inf"
ex236,ex236_core_clamp_hi6_abc_g_aig_d21,fp16_cube,core_clamp_hi6_abc_g_aig_d21,student/work/ex236_ex238_frontend_fp16_core_clamp_allflows_20260608_0953/ex236/verilog/ex236_core_clamp_hi6.v,student/work/ex236_ex238_frontend_fp16_core_clamp_allflows_20260608_0953/ex236/aigs/ex236_core_clamp_hi6_abc_g_aig_d21.aig,1,1,1,1432,15,21480,17290,1.242337,1,0,1.167,"exp_delta_width=2; exp_delta_runs=3; exp_delta_max=2; mant_high=; low_width=10; nested_hi=6; boundary_clamp=exp10 mant1..0x109 zero, mant0x10a min-normal, exp20 mant>=0x10b inf",semantic_core_clamp,"exp_delta_width=2; exp_delta_runs=3; exp_delta_max=2; mant_high=; low_width=10; nested_hi=6; boundary_clamp=exp10 mant1..0x109 zero, mant0x10a min-normal, exp20 mant>=0x10b inf"
ex236,ex236_core_clamp_hi6_abc_g_gates,fp16_cube,core_clamp_hi6_abc_g_gates,student/work/ex236_ex238_frontend_fp16_core_clamp_allflows_20260608_0953/ex236/verilog/ex236_core_clamp_hi6.v,student/work/ex236_ex238_frontend_fp16_core_clamp_allflows_20260608_0953/ex236/aigs/ex236_core_clamp_hi6_abc_g_gates.aig,1,1,1,1435,15,21525,17290,1.244939,1,0,1.163,"exp_delta_width=2; exp_delta_runs=3; exp_delta_max=2; mant_high=; low_width=10; nested_hi=6; boundary_clamp=exp10 mant1..0x109 zero, mant0x10a min-normal, exp20 mant>=0x10b inf",semantic_core_clamp,"exp_delta_width=2; exp_delta_runs=3; exp_delta_max=2; mant_high=; low_width=10; nested_hi=6; boundary_clamp=exp10 mant1..0x109 zero, mant0x10a min-normal, exp20 mant>=0x10b inf"
ex236,ex236_core_clamp_hi6_abc_g_cmos2,fp16_cube,core_clamp_hi6_abc_g_cmos2,student/work/ex236_ex238_frontend_fp16_core_clamp_allflows_20260608_0953/ex236/verilog/ex236_core_clamp_hi6.v,student/work/ex236_ex238_frontend_fp16_core_clamp_allflows_20260608_0953/ex236/aigs/ex236_core_clamp_hi6_abc_g_cmos2.aig,1,1,1,1476,15,22140,17290,1.280509,1,0,1.181,"exp_delta_width=2; exp_delta_runs=3; exp_delta_max=2; mant_high=; low_width=10; nested_hi=6; boundary_clamp=exp10 mant1..0x109 zero, mant0x10a min-normal, exp20 mant>=0x10b inf",semantic_core_clamp,"exp_delta_width=2; exp_delta_runs=3; exp_delta_max=2; mant_high=; low_width=10; nested_hi=6; boundary_clamp=exp10 mant1..0x109 zero, mant0x10a min-normal, exp20 mant>=0x10b inf"
ex238,ex238_core_clamp_hi5_default,fp16_reciprocal_cube,core_clamp_hi5_default,student/work/ex236_ex238_frontend_fp16_core_clamp_allflows_20260608_0953/ex238/verilog/ex238_core_clamp_hi5.v,student/work/ex236_ex238_frontend_fp16_core_clamp_allflows_20260608_0953/ex238/aigs/ex238_core_clamp_hi5_default.aig,1,1,1,1478,17,25126,16549,1.518279,0,0,1.098,"exp_delta_width=2; exp_delta_runs=4; exp_delta_max=3; mant_high=; low_width=10; nested_hi=5; boundary_clamp=exp9 mant<=0x259 inf, exp19 mant>=0x25a zero",semantic_core_clamp,"exp_delta_width=2; exp_delta_runs=4; exp_delta_max=3; mant_high=; low_width=10; nested_hi=5; boundary_clamp=exp9 mant<=0x259 inf, exp19 mant>=0x25a zero"
ex238,ex238_core_clamp_hi5_no_internal_abc,fp16_reciprocal_cube,core_clamp_hi5_no_internal_abc,student/work/ex236_ex238_frontend_fp16_core_clamp_allflows_20260608_0953/ex238/verilog/ex238_core_clamp_hi5.v,student/work/ex236_ex238_frontend_fp16_core_clamp_allflows_20260608_0953/ex238/aigs/ex238_core_clamp_hi5_no_internal_abc.aig,1,1,1,1960,25,49000,16549,2.960904,0,0,0.930,"exp_delta_width=2; exp_delta_runs=4; exp_delta_max=3; mant_high=; low_width=10; nested_hi=5; boundary_clamp=exp9 mant<=0x259 inf, exp19 mant>=0x25a zero",semantic_core_clamp,"exp_delta_width=2; exp_delta_runs=4; exp_delta_max=3; mant_high=; low_width=10; nested_hi=5; boundary_clamp=exp9 mant<=0x259 inf, exp19 mant>=0x25a zero"
ex238,ex238_core_clamp_hi5_abc_fast,fp16_reciprocal_cube,core_clamp_hi5_abc_fast,student/work/ex236_ex238_frontend_fp16_core_clamp_allflows_20260608_0953/ex238/verilog/ex238_core_clamp_hi5.v,student/work/ex236_ex238_frontend_fp16_core_clamp_allflows_20260608_0953/ex238/aigs/ex238_core_clamp_hi5_abc_fast.aig,1,1,1,1889,21,39669,16549,2.397063,0,0,1.046,"exp_delta_width=2; exp_delta_runs=4; exp_delta_max=3; mant_high=; low_width=10; nested_hi=5; boundary_clamp=exp9 mant<=0x259 inf, exp19 mant>=0x25a zero",semantic_core_clamp,"exp_delta_width=2; exp_delta_runs=4; exp_delta_max=3; mant_high=; low_width=10; nested_hi=5; boundary_clamp=exp9 mant<=0x259 inf, exp19 mant>=0x25a zero"
ex238,ex238_core_clamp_hi5_abc_d20,fp16_reciprocal_cube,core_clamp_hi5_abc_d20,student/work/ex236_ex238_frontend_fp16_core_clamp_allflows_20260608_0953/ex238/verilog/ex238_core_clamp_hi5.v,student/work/ex236_ex238_frontend_fp16_core_clamp_allflows_20260608_0953/ex238/aigs/ex238_core_clamp_hi5_abc_d20.aig,1,1,1,1478,17,25126,16549,1.518279,0,0,1.100,"exp_delta_width=2; exp_delta_runs=4; exp_delta_max=3; mant_high=; low_width=10; nested_hi=5; boundary_clamp=exp9 mant<=0x259 inf, exp19 mant>=0x25a zero",semantic_core_clamp,"exp_delta_width=2; exp_delta_runs=4; exp_delta_max=3; mant_high=; low_width=10; nested_hi=5; boundary_clamp=exp9 mant<=0x259 inf, exp19 mant>=0x25a zero"
ex238,ex238_core_clamp_hi5_abc_d21,fp16_reciprocal_cube,core_clamp_hi5_abc_d21,student/work/ex236_ex238_frontend_fp16_core_clamp_allflows_20260608_0953/ex238/verilog/ex238_core_clamp_hi5.v,student/work/ex236_ex238_frontend_fp16_core_clamp_allflows_20260608_0953/ex238/aigs/ex238_core_clamp_hi5_abc_d21.aig,1,1,1,1478,17,25126,16549,1.518279,0,0,1.116,"exp_delta_width=2; exp_delta_runs=4; exp_delta_max=3; mant_high=; low_width=10; nested_hi=5; boundary_clamp=exp9 mant<=0x259 inf, exp19 mant>=0x25a zero",semantic_core_clamp,"exp_delta_width=2; exp_delta_runs=4; exp_delta_max=3; mant_high=; low_width=10; nested_hi=5; boundary_clamp=exp9 mant<=0x259 inf, exp19 mant>=0x25a zero"
ex238,ex238_core_clamp_hi5_abc_d22,fp16_reciprocal_cube,core_clamp_hi5_abc_d22,student/work/ex236_ex238_frontend_fp16_core_clamp_allflows_20260608_0953/ex238/verilog/ex238_core_clamp_hi5.v,student/work/ex236_ex238_frontend_fp16_core_clamp_allflows_20260608_0953/ex238/aigs/ex238_core_clamp_hi5_abc_d22.aig,1,1,1,1478,17,25126,16549,1.518279,0,0,1.092,"exp_delta_width=2; exp_delta_runs=4; exp_delta_max=3; mant_high=; low_width=10; nested_hi=5; boundary_clamp=exp9 mant<=0x259 inf, exp19 mant>=0x25a zero",semantic_core_clamp,"exp_delta_width=2; exp_delta_runs=4; exp_delta_max=3; mant_high=; low_width=10; nested_hi=5; boundary_clamp=exp9 mant<=0x259 inf, exp19 mant>=0x25a zero"
ex238,ex238_core_clamp_hi5_abc_d24,fp16_reciprocal_cube,core_clamp_hi5_abc_d24,student/work/ex236_ex238_frontend_fp16_core_clamp_allflows_20260608_0953/ex238/verilog/ex238_core_clamp_hi5.v,student/work/ex236_ex238_frontend_fp16_core_clamp_allflows_20260608_0953/ex238/aigs/ex238_core_clamp_hi5_abc_d24.aig,1,1,1,1478,17,25126,16549,1.518279,0,0,1.100,"exp_delta_width=2; exp_delta_runs=4; exp_delta_max=3; mant_high=; low_width=10; nested_hi=5; boundary_clamp=exp9 mant<=0x259 inf, exp19 mant>=0x25a zero",semantic_core_clamp,"exp_delta_width=2; exp_delta_runs=4; exp_delta_max=3; mant_high=; low_width=10; nested_hi=5; boundary_clamp=exp9 mant<=0x259 inf, exp19 mant>=0x25a zero"
ex238,ex238_core_clamp_hi5_abc_g_aig,fp16_reciprocal_cube,core_clamp_hi5_abc_g_aig,student/work/ex236_ex238_frontend_fp16_core_clamp_allflows_20260608_0953/ex238/verilog/ex238_core_clamp_hi5.v,student/work/ex236_ex238_frontend_fp16_core_clamp_allflows_20260608_0953/ex238/aigs/ex238_core_clamp_hi5_abc_g_aig.aig,1,1,1,1461,17,24837,16549,1.500816,0,0,1.107,"exp_delta_width=2; exp_delta_runs=4; exp_delta_max=3; mant_high=; low_width=10; nested_hi=5; boundary_clamp=exp9 mant<=0x259 inf, exp19 mant>=0x25a zero",semantic_core_clamp,"exp_delta_width=2; exp_delta_runs=4; exp_delta_max=3; mant_high=; low_width=10; nested_hi=5; boundary_clamp=exp9 mant<=0x259 inf, exp19 mant>=0x25a zero"
ex238,ex238_core_clamp_hi5_abc_g_simple,fp16_reciprocal_cube,core_clamp_hi5_abc_g_simple,student/work/ex236_ex238_frontend_fp16_core_clamp_allflows_20260608_0953/ex238/verilog/ex238_core_clamp_hi5.v,student/work/ex236_ex238_frontend_fp16_core_clamp_allflows_20260608_0953/ex238/aigs/ex238_core_clamp_hi5_abc_g_simple.aig,1,1,1,1527,18,27486,16549,1.660886,0,0,1.142,"exp_delta_width=2; exp_delta_runs=4; exp_delta_max=3; mant_high=; low_width=10; nested_hi=5; boundary_clamp=exp9 mant<=0x259 inf, exp19 mant>=0x25a zero",semantic_core_clamp,"exp_delta_width=2; exp_delta_runs=4; exp_delta_max=3; mant_high=; low_width=10; nested_hi=5; boundary_clamp=exp9 mant<=0x259 inf, exp19 mant>=0x25a zero"
ex238,ex238_core_clamp_hi5_abc_g_and_mux,fp16_reciprocal_cube,core_clamp_hi5_abc_g_and_mux,student/work/ex236_ex238_frontend_fp16_core_clamp_allflows_20260608_0953/ex238/verilog/ex238_core_clamp_hi5.v,student/work/ex236_ex238_frontend_fp16_core_clamp_allflows_20260608_0953/ex238/aigs/ex238_core_clamp_hi5_abc_g_and_mux.aig,1,1,1,1529,17,25993,16549,1.570669,0,0,1.133,"exp_delta_width=2; exp_delta_runs=4; exp_delta_max=3; mant_high=; low_width=10; nested_hi=5; boundary_clamp=exp9 mant<=0x259 inf, exp19 mant>=0x25a zero",semantic_core_clamp,"exp_delta_width=2; exp_delta_runs=4; exp_delta_max=3; mant_high=; low_width=10; nested_hi=5; boundary_clamp=exp9 mant<=0x259 inf, exp19 mant>=0x25a zero"
ex238,ex238_core_clamp_hi5_extra_opt_share,fp16_reciprocal_cube,core_clamp_hi5_extra_opt_share,student/work/ex236_ex238_frontend_fp16_core_clamp_allflows_20260608_0953/ex238/verilog/ex238_core_clamp_hi5.v,student/work/ex236_ex238_frontend_fp16_core_clamp_allflows_20260608_0953/ex238/aigs/ex238_core_clamp_hi5_extra_opt_share.aig,1,1,1,1470,18,26460,16549,1.598888,0,0,1.142,"exp_delta_width=2; exp_delta_runs=4; exp_delta_max=3; mant_high=; low_width=10; nested_hi=5; boundary_clamp=exp9 mant<=0x259 inf, exp19 mant>=0x25a zero",semantic_core_clamp,"exp_delta_width=2; exp_delta_runs=4; exp_delta_max=3; mant_high=; low_width=10; nested_hi=5; boundary_clamp=exp9 mant<=0x259 inf, exp19 mant>=0x25a zero"
ex238,ex238_core_clamp_hi5_late_flatten,fp16_reciprocal_cube,core_clamp_hi5_late_flatten,student/work/ex236_ex238_frontend_fp16_core_clamp_allflows_20260608_0953/ex238/verilog/ex238_core_clamp_hi5.v,student/work/ex236_ex238_frontend_fp16_core_clamp_allflows_20260608_0953/ex238/aigs/ex238_core_clamp_hi5_late_flatten.aig,1,1,1,1478,17,25126,16549,1.518279,0,0,1.119,"exp_delta_width=2; exp_delta_runs=4; exp_delta_max=3; mant_high=; low_width=10; nested_hi=5; boundary_clamp=exp9 mant<=0x259 inf, exp19 mant>=0x25a zero",semantic_core_clamp,"exp_delta_width=2; exp_delta_runs=4; exp_delta_max=3; mant_high=; low_width=10; nested_hi=5; boundary_clamp=exp9 mant<=0x259 inf, exp19 mant>=0x25a zero"
ex238,ex238_core_clamp_hi5_synth_preset,fp16_reciprocal_cube,core_clamp_hi5_synth_preset,student/work/ex236_ex238_frontend_fp16_core_clamp_allflows_20260608_0953/ex238/verilog/ex238_core_clamp_hi5.v,student/work/ex236_ex238_frontend_fp16_core_clamp_allflows_20260608_0953/ex238/aigs/ex238_core_clamp_hi5_synth_preset.aig,1,1,1,1441,19,27379,16549,1.654420,0,0,1.256,"exp_delta_width=2; exp_delta_runs=4; exp_delta_max=3; mant_high=; low_width=10; nested_hi=5; boundary_clamp=exp9 mant<=0x259 inf, exp19 mant>=0x25a zero",semantic_core_clamp,"exp_delta_width=2; exp_delta_runs=4; exp_delta_max=3; mant_high=; low_width=10; nested_hi=5; boundary_clamp=exp9 mant<=0x259 inf, exp19 mant>=0x25a zero"
ex238,ex238_core_clamp_hi5_synth_preset_noabc,fp16_reciprocal_cube,core_clamp_hi5_synth_preset_noabc,student/work/ex236_ex238_frontend_fp16_core_clamp_allflows_20260608_0953/ex238/verilog/ex238_core_clamp_hi5.v,student/work/ex236_ex238_frontend_fp16_core_clamp_allflows_20260608_0953/ex238/aigs/ex238_core_clamp_hi5_synth_preset_noabc.aig,1,1,1,2012,23,46276,16549,2.796302,0,0,0.924,"exp_delta_width=2; exp_delta_runs=4; exp_delta_max=3; mant_high=; low_width=10; nested_hi=5; boundary_clamp=exp9 mant<=0x259 inf, exp19 mant>=0x25a zero",semantic_core_clamp,"exp_delta_width=2; exp_delta_runs=4; exp_delta_max=3; mant_high=; low_width=10; nested_hi=5; boundary_clamp=exp9 mant<=0x259 inf, exp19 mant>=0x25a zero"
ex238,ex238_core_clamp_hi5_abc_g_aig_d18,fp16_reciprocal_cube,core_clamp_hi5_abc_g_aig_d18,student/work/ex236_ex238_frontend_fp16_core_clamp_allflows_20260608_0953/ex238/verilog/ex238_core_clamp_hi5.v,student/work/ex236_ex238_frontend_fp16_core_clamp_allflows_20260608_0953/ex238/aigs/ex238_core_clamp_hi5_abc_g_aig_d18.aig,1,1,1,1461,17,24837,16549,1.500816,0,0,1.113,"exp_delta_width=2; exp_delta_runs=4; exp_delta_max=3; mant_high=; low_width=10; nested_hi=5; boundary_clamp=exp9 mant<=0x259 inf, exp19 mant>=0x25a zero",semantic_core_clamp,"exp_delta_width=2; exp_delta_runs=4; exp_delta_max=3; mant_high=; low_width=10; nested_hi=5; boundary_clamp=exp9 mant<=0x259 inf, exp19 mant>=0x25a zero"
ex238,ex238_core_clamp_hi5_abc_g_aig_d19,fp16_reciprocal_cube,core_clamp_hi5_abc_g_aig_d19,student/work/ex236_ex238_frontend_fp16_core_clamp_allflows_20260608_0953/ex238/verilog/ex238_core_clamp_hi5.v,student/work/ex236_ex238_frontend_fp16_core_clamp_allflows_20260608_0953/ex238/aigs/ex238_core_clamp_hi5_abc_g_aig_d19.aig,1,1,1,1461,17,24837,16549,1.500816,0,0,1.105,"exp_delta_width=2; exp_delta_runs=4; exp_delta_max=3; mant_high=; low_width=10; nested_hi=5; boundary_clamp=exp9 mant<=0x259 inf, exp19 mant>=0x25a zero",semantic_core_clamp,"exp_delta_width=2; exp_delta_runs=4; exp_delta_max=3; mant_high=; low_width=10; nested_hi=5; boundary_clamp=exp9 mant<=0x259 inf, exp19 mant>=0x25a zero"
ex238,ex238_core_clamp_hi5_abc_g_aig_d20,fp16_reciprocal_cube,core_clamp_hi5_abc_g_aig_d20,student/work/ex236_ex238_frontend_fp16_core_clamp_allflows_20260608_0953/ex238/verilog/ex238_core_clamp_hi5.v,student/work/ex236_ex238_frontend_fp16_core_clamp_allflows_20260608_0953/ex238/aigs/ex238_core_clamp_hi5_abc_g_aig_d20.aig,1,1,1,1461,17,24837,16549,1.500816,0,0,1.108,"exp_delta_width=2; exp_delta_runs=4; exp_delta_max=3; mant_high=; low_width=10; nested_hi=5; boundary_clamp=exp9 mant<=0x259 inf, exp19 mant>=0x25a zero",semantic_core_clamp,"exp_delta_width=2; exp_delta_runs=4; exp_delta_max=3; mant_high=; low_width=10; nested_hi=5; boundary_clamp=exp9 mant<=0x259 inf, exp19 mant>=0x25a zero"
ex238,ex238_core_clamp_hi5_abc_g_aig_d21,fp16_reciprocal_cube,core_clamp_hi5_abc_g_aig_d21,student/work/ex236_ex238_frontend_fp16_core_clamp_allflows_20260608_0953/ex238/verilog/ex238_core_clamp_hi5.v,student/work/ex236_ex238_frontend_fp16_core_clamp_allflows_20260608_0953/ex238/aigs/ex238_core_clamp_hi5_abc_g_aig_d21.aig,1,1,1,1461,17,24837,16549,1.500816,0,0,1.125,"exp_delta_width=2; exp_delta_runs=4; exp_delta_max=3; mant_high=; low_width=10; nested_hi=5; boundary_clamp=exp9 mant<=0x259 inf, exp19 mant>=0x25a zero",semantic_core_clamp,"exp_delta_width=2; exp_delta_runs=4; exp_delta_max=3; mant_high=; low_width=10; nested_hi=5; boundary_clamp=exp9 mant<=0x259 inf, exp19 mant>=0x25a zero"
ex238,ex238_core_clamp_hi5_abc_g_gates,fp16_reciprocal_cube,core_clamp_hi5_abc_g_gates,student/work/ex236_ex238_frontend_fp16_core_clamp_allflows_20260608_0953/ex238/verilog/ex238_core_clamp_hi5.v,student/work/ex236_ex238_frontend_fp16_core_clamp_allflows_20260608_0953/ex238/aigs/ex238_core_clamp_hi5_abc_g_gates.aig,1,1,1,1467,17,24939,16549,1.506979,0,0,1.109,"exp_delta_width=2; exp_delta_runs=4; exp_delta_max=3; mant_high=; low_width=10; nested_hi=5; boundary_clamp=exp9 mant<=0x259 inf, exp19 mant>=0x25a zero",semantic_core_clamp,"exp_delta_width=2; exp_delta_runs=4; exp_delta_max=3; mant_high=; low_width=10; nested_hi=5; boundary_clamp=exp9 mant<=0x259 inf, exp19 mant>=0x25a zero"
ex238,ex238_core_clamp_hi5_abc_g_cmos2,fp16_reciprocal_cube,core_clamp_hi5_abc_g_cmos2,student/work/ex236_ex238_frontend_fp16_core_clamp_allflows_20260608_0953/ex238/verilog/ex238_core_clamp_hi5.v,student/work/ex236_ex238_frontend_fp16_core_clamp_allflows_20260608_0953/ex238/aigs/ex238_core_clamp_hi5_abc_g_cmos2.aig,1,1,1,1497,18,26946,16549,1.628255,0,0,1.134,"exp_delta_width=2; exp_delta_runs=4; exp_delta_max=3; mant_high=; low_width=10; nested_hi=5; boundary_clamp=exp9 mant<=0x259 inf, exp19 mant>=0x25a zero",semantic_core_clamp,"exp_delta_width=2; exp_delta_runs=4; exp_delta_max=3; mant_high=; low_width=10; nested_hi=5; boundary_clamp=exp9 mant<=0x259 inf, exp19 mant>=0x25a zero"
ex238,ex238_core_clamp_hi6_default,fp16_reciprocal_cube,core_clamp_hi6_default,student/work/ex236_ex238_frontend_fp16_core_clamp_allflows_20260608_0953/ex238/verilog/ex238_core_clamp_hi6.v,student/work/ex236_ex238_frontend_fp16_core_clamp_allflows_20260608_0953/ex238/aigs/ex238_core_clamp_hi6_default.aig,1,1,1,1485,18,26730,16549,1.615203,0,0,1.139,"exp_delta_width=2; exp_delta_runs=4; exp_delta_max=3; mant_high=; low_width=10; nested_hi=6; boundary_clamp=exp9 mant<=0x259 inf, exp19 mant>=0x25a zero",semantic_core_clamp,"exp_delta_width=2; exp_delta_runs=4; exp_delta_max=3; mant_high=; low_width=10; nested_hi=6; boundary_clamp=exp9 mant<=0x259 inf, exp19 mant>=0x25a zero"
ex238,ex238_core_clamp_hi6_no_internal_abc,fp16_reciprocal_cube,core_clamp_hi6_no_internal_abc,student/work/ex236_ex238_frontend_fp16_core_clamp_allflows_20260608_0953/ex238/verilog/ex238_core_clamp_hi6.v,student/work/ex236_ex238_frontend_fp16_core_clamp_allflows_20260608_0953/ex238/aigs/ex238_core_clamp_hi6_no_internal_abc.aig,1,1,1,1882,25,47050,16549,2.843072,0,0,0.951,"exp_delta_width=2; exp_delta_runs=4; exp_delta_max=3; mant_high=; low_width=10; nested_hi=6; boundary_clamp=exp9 mant<=0x259 inf, exp19 mant>=0x25a zero",semantic_core_clamp,"exp_delta_width=2; exp_delta_runs=4; exp_delta_max=3; mant_high=; low_width=10; nested_hi=6; boundary_clamp=exp9 mant<=0x259 inf, exp19 mant>=0x25a zero"
ex238,ex238_core_clamp_hi6_abc_fast,fp16_reciprocal_cube,core_clamp_hi6_abc_fast,student/work/ex236_ex238_frontend_fp16_core_clamp_allflows_20260608_0953/ex238/verilog/ex238_core_clamp_hi6.v,student/work/ex236_ex238_frontend_fp16_core_clamp_allflows_20260608_0953/ex238/aigs/ex238_core_clamp_hi6_abc_fast.aig,1,1,1,1832,21,38472,16549,2.324733,0,0,1.073,"exp_delta_width=2; exp_delta_runs=4; exp_delta_max=3; mant_high=; low_width=10; nested_hi=6; boundary_clamp=exp9 mant<=0x259 inf, exp19 mant>=0x25a zero",semantic_core_clamp,"exp_delta_width=2; exp_delta_runs=4; exp_delta_max=3; mant_high=; low_width=10; nested_hi=6; boundary_clamp=exp9 mant<=0x259 inf, exp19 mant>=0x25a zero"
ex238,ex238_core_clamp_hi6_abc_d20,fp16_reciprocal_cube,core_clamp_hi6_abc_d20,student/work/ex236_ex238_frontend_fp16_core_clamp_allflows_20260608_0953/ex238/verilog/ex238_core_clamp_hi6.v,student/work/ex236_ex238_frontend_fp16_core_clamp_allflows_20260608_0953/ex238/aigs/ex238_core_clamp_hi6_abc_d20.aig,1,1,1,1485,18,26730,16549,1.615203,0,0,1.137,"exp_delta_width=2; exp_delta_runs=4; exp_delta_max=3; mant_high=; low_width=10; nested_hi=6; boundary_clamp=exp9 mant<=0x259 inf, exp19 mant>=0x25a zero",semantic_core_clamp,"exp_delta_width=2; exp_delta_runs=4; exp_delta_max=3; mant_high=; low_width=10; nested_hi=6; boundary_clamp=exp9 mant<=0x259 inf, exp19 mant>=0x25a zero"
ex238,ex238_core_clamp_hi6_abc_d21,fp16_reciprocal_cube,core_clamp_hi6_abc_d21,student/work/ex236_ex238_frontend_fp16_core_clamp_allflows_20260608_0953/ex238/verilog/ex238_core_clamp_hi6.v,student/work/ex236_ex238_frontend_fp16_core_clamp_allflows_20260608_0953/ex238/aigs/ex238_core_clamp_hi6_abc_d21.aig,1,1,1,1485,18,26730,16549,1.615203,0,0,1.143,"exp_delta_width=2; exp_delta_runs=4; exp_delta_max=3; mant_high=; low_width=10; nested_hi=6; boundary_clamp=exp9 mant<=0x259 inf, exp19 mant>=0x25a zero",semantic_core_clamp,"exp_delta_width=2; exp_delta_runs=4; exp_delta_max=3; mant_high=; low_width=10; nested_hi=6; boundary_clamp=exp9 mant<=0x259 inf, exp19 mant>=0x25a zero"
ex238,ex238_core_clamp_hi6_abc_d22,fp16_reciprocal_cube,core_clamp_hi6_abc_d22,student/work/ex236_ex238_frontend_fp16_core_clamp_allflows_20260608_0953/ex238/verilog/ex238_core_clamp_hi6.v,student/work/ex236_ex238_frontend_fp16_core_clamp_allflows_20260608_0953/ex238/aigs/ex238_core_clamp_hi6_abc_d22.aig,1,1,1,1485,18,26730,16549,1.615203,0,0,1.132,"exp_delta_width=2; exp_delta_runs=4; exp_delta_max=3; mant_high=; low_width=10; nested_hi=6; boundary_clamp=exp9 mant<=0x259 inf, exp19 mant>=0x25a zero",semantic_core_clamp,"exp_delta_width=2; exp_delta_runs=4; exp_delta_max=3; mant_high=; low_width=10; nested_hi=6; boundary_clamp=exp9 mant<=0x259 inf, exp19 mant>=0x25a zero"
ex238,ex238_core_clamp_hi6_abc_d24,fp16_reciprocal_cube,core_clamp_hi6_abc_d24,student/work/ex236_ex238_frontend_fp16_core_clamp_allflows_20260608_0953/ex238/verilog/ex238_core_clamp_hi6.v,student/work/ex236_ex238_frontend_fp16_core_clamp_allflows_20260608_0953/ex238/aigs/ex238_core_clamp_hi6_abc_d24.aig,1,1,1,1485,18,26730,16549,1.615203,0,0,1.139,"exp_delta_width=2; exp_delta_runs=4; exp_delta_max=3; mant_high=; low_width=10; nested_hi=6; boundary_clamp=exp9 mant<=0x259 inf, exp19 mant>=0x25a zero",semantic_core_clamp,"exp_delta_width=2; exp_delta_runs=4; exp_delta_max=3; mant_high=; low_width=10; nested_hi=6; boundary_clamp=exp9 mant<=0x259 inf, exp19 mant>=0x25a zero"
ex238,ex238_core_clamp_hi6_abc_g_aig,fp16_reciprocal_cube,core_clamp_hi6_abc_g_aig,student/work/ex236_ex238_frontend_fp16_core_clamp_allflows_20260608_0953/ex238/verilog/ex238_core_clamp_hi6.v,student/work/ex236_ex238_frontend_fp16_core_clamp_allflows_20260608_0953/ex238/aigs/ex238_core_clamp_hi6_abc_g_aig.aig,1,1,1,1467,18,26406,16549,1.595625,0,0,1.152,"exp_delta_width=2; exp_delta_runs=4; exp_delta_max=3; mant_high=; low_width=10; nested_hi=6; boundary_clamp=exp9 mant<=0x259 inf, exp19 mant>=0x25a zero",semantic_core_clamp,"exp_delta_width=2; exp_delta_runs=4; exp_delta_max=3; mant_high=; low_width=10; nested_hi=6; boundary_clamp=exp9 mant<=0x259 inf, exp19 mant>=0x25a zero"
ex238,ex238_core_clamp_hi6_abc_g_simple,fp16_reciprocal_cube,core_clamp_hi6_abc_g_simple,student/work/ex236_ex238_frontend_fp16_core_clamp_allflows_20260608_0953/ex238/verilog/ex238_core_clamp_hi6.v,student/work/ex236_ex238_frontend_fp16_core_clamp_allflows_20260608_0953/ex238/aigs/ex238_core_clamp_hi6_abc_g_simple.aig,1,1,1,1545,18,27810,16549,1.680464,0,0,1.181,"exp_delta_width=2; exp_delta_runs=4; exp_delta_max=3; mant_high=; low_width=10; nested_hi=6; boundary_clamp=exp9 mant<=0x259 inf, exp19 mant>=0x25a zero",semantic_core_clamp,"exp_delta_width=2; exp_delta_runs=4; exp_delta_max=3; mant_high=; low_width=10; nested_hi=6; boundary_clamp=exp9 mant<=0x259 inf, exp19 mant>=0x25a zero"
ex238,ex238_core_clamp_hi6_abc_g_and_mux,fp16_reciprocal_cube,core_clamp_hi6_abc_g_and_mux,student/work/ex236_ex238_frontend_fp16_core_clamp_allflows_20260608_0953/ex238/verilog/ex238_core_clamp_hi6.v,student/work/ex236_ex238_frontend_fp16_core_clamp_allflows_20260608_0953/ex238/aigs/ex238_core_clamp_hi6_abc_g_and_mux.aig,1,1,1,1529,18,27522,16549,1.663061,0,0,1.174,"exp_delta_width=2; exp_delta_runs=4; exp_delta_max=3; mant_high=; low_width=10; nested_hi=6; boundary_clamp=exp9 mant<=0x259 inf, exp19 mant>=0x25a zero",semantic_core_clamp,"exp_delta_width=2; exp_delta_runs=4; exp_delta_max=3; mant_high=; low_width=10; nested_hi=6; boundary_clamp=exp9 mant<=0x259 inf, exp19 mant>=0x25a zero"
ex238,ex238_core_clamp_hi6_extra_opt_share,fp16_reciprocal_cube,core_clamp_hi6_extra_opt_share,student/work/ex236_ex238_frontend_fp16_core_clamp_allflows_20260608_0953/ex238/verilog/ex238_core_clamp_hi6.v,student/work/ex236_ex238_frontend_fp16_core_clamp_allflows_20260608_0953/ex238/aigs/ex238_core_clamp_hi6_extra_opt_share.aig,1,1,1,1477,18,26586,16549,1.606502,0,0,1.183,"exp_delta_width=2; exp_delta_runs=4; exp_delta_max=3; mant_high=; low_width=10; nested_hi=6; boundary_clamp=exp9 mant<=0x259 inf, exp19 mant>=0x25a zero",semantic_core_clamp,"exp_delta_width=2; exp_delta_runs=4; exp_delta_max=3; mant_high=; low_width=10; nested_hi=6; boundary_clamp=exp9 mant<=0x259 inf, exp19 mant>=0x25a zero"
ex238,ex238_core_clamp_hi6_late_flatten,fp16_reciprocal_cube,core_clamp_hi6_late_flatten,student/work/ex236_ex238_frontend_fp16_core_clamp_allflows_20260608_0953/ex238/verilog/ex238_core_clamp_hi6.v,student/work/ex236_ex238_frontend_fp16_core_clamp_allflows_20260608_0953/ex238/aigs/ex238_core_clamp_hi6_late_flatten.aig,1,1,1,1485,18,26730,16549,1.615203,0,0,1.163,"exp_delta_width=2; exp_delta_runs=4; exp_delta_max=3; mant_high=; low_width=10; nested_hi=6; boundary_clamp=exp9 mant<=0x259 inf, exp19 mant>=0x25a zero",semantic_core_clamp,"exp_delta_width=2; exp_delta_runs=4; exp_delta_max=3; mant_high=; low_width=10; nested_hi=6; boundary_clamp=exp9 mant<=0x259 inf, exp19 mant>=0x25a zero"
ex238,ex238_core_clamp_hi6_synth_preset,fp16_reciprocal_cube,core_clamp_hi6_synth_preset,student/work/ex236_ex238_frontend_fp16_core_clamp_allflows_20260608_0953/ex238/verilog/ex238_core_clamp_hi6.v,student/work/ex236_ex238_frontend_fp16_core_clamp_allflows_20260608_0953/ex238/aigs/ex238_core_clamp_hi6_synth_preset.aig,1,1,1,1447,18,26046,16549,1.573872,0,0,1.335,"exp_delta_width=2; exp_delta_runs=4; exp_delta_max=3; mant_high=; low_width=10; nested_hi=6; boundary_clamp=exp9 mant<=0x259 inf, exp19 mant>=0x25a zero",semantic_core_clamp,"exp_delta_width=2; exp_delta_runs=4; exp_delta_max=3; mant_high=; low_width=10; nested_hi=6; boundary_clamp=exp9 mant<=0x259 inf, exp19 mant>=0x25a zero"
ex238,ex238_core_clamp_hi6_synth_preset_noabc,fp16_reciprocal_cube,core_clamp_hi6_synth_preset_noabc,student/work/ex236_ex238_frontend_fp16_core_clamp_allflows_20260608_0953/ex238/verilog/ex238_core_clamp_hi6.v,student/work/ex236_ex238_frontend_fp16_core_clamp_allflows_20260608_0953/ex238/aigs/ex238_core_clamp_hi6_synth_preset_noabc.aig,1,1,1,1928,23,44344,16549,2.679558,0,0,0.947,"exp_delta_width=2; exp_delta_runs=4; exp_delta_max=3; mant_high=; low_width=10; nested_hi=6; boundary_clamp=exp9 mant<=0x259 inf, exp19 mant>=0x25a zero",semantic_core_clamp,"exp_delta_width=2; exp_delta_runs=4; exp_delta_max=3; mant_high=; low_width=10; nested_hi=6; boundary_clamp=exp9 mant<=0x259 inf, exp19 mant>=0x25a zero"
ex238,ex238_core_clamp_hi6_abc_g_aig_d18,fp16_reciprocal_cube,core_clamp_hi6_abc_g_aig_d18,student/work/ex236_ex238_frontend_fp16_core_clamp_allflows_20260608_0953/ex238/verilog/ex238_core_clamp_hi6.v,student/work/ex236_ex238_frontend_fp16_core_clamp_allflows_20260608_0953/ex238/aigs/ex238_core_clamp_hi6_abc_g_aig_d18.aig,1,1,1,1467,18,26406,16549,1.595625,0,0,1.150,"exp_delta_width=2; exp_delta_runs=4; exp_delta_max=3; mant_high=; low_width=10; nested_hi=6; boundary_clamp=exp9 mant<=0x259 inf, exp19 mant>=0x25a zero",semantic_core_clamp,"exp_delta_width=2; exp_delta_runs=4; exp_delta_max=3; mant_high=; low_width=10; nested_hi=6; boundary_clamp=exp9 mant<=0x259 inf, exp19 mant>=0x25a zero"
ex238,ex238_core_clamp_hi6_abc_g_aig_d19,fp16_reciprocal_cube,core_clamp_hi6_abc_g_aig_d19,student/work/ex236_ex238_frontend_fp16_core_clamp_allflows_20260608_0953/ex238/verilog/ex238_core_clamp_hi6.v,student/work/ex236_ex238_frontend_fp16_core_clamp_allflows_20260608_0953/ex238/aigs/ex238_core_clamp_hi6_abc_g_aig_d19.aig,1,1,1,1467,18,26406,16549,1.595625,0,0,1.146,"exp_delta_width=2; exp_delta_runs=4; exp_delta_max=3; mant_high=; low_width=10; nested_hi=6; boundary_clamp=exp9 mant<=0x259 inf, exp19 mant>=0x25a zero",semantic_core_clamp,"exp_delta_width=2; exp_delta_runs=4; exp_delta_max=3; mant_high=; low_width=10; nested_hi=6; boundary_clamp=exp9 mant<=0x259 inf, exp19 mant>=0x25a zero"
ex238,ex238_core_clamp_hi6_abc_g_aig_d20,fp16_reciprocal_cube,core_clamp_hi6_abc_g_aig_d20,student/work/ex236_ex238_frontend_fp16_core_clamp_allflows_20260608_0953/ex238/verilog/ex238_core_clamp_hi6.v,student/work/ex236_ex238_frontend_fp16_core_clamp_allflows_20260608_0953/ex238/aigs/ex238_core_clamp_hi6_abc_g_aig_d20.aig,1,1,1,1467,18,26406,16549,1.595625,0,0,1.142,"exp_delta_width=2; exp_delta_runs=4; exp_delta_max=3; mant_high=; low_width=10; nested_hi=6; boundary_clamp=exp9 mant<=0x259 inf, exp19 mant>=0x25a zero",semantic_core_clamp,"exp_delta_width=2; exp_delta_runs=4; exp_delta_max=3; mant_high=; low_width=10; nested_hi=6; boundary_clamp=exp9 mant<=0x259 inf, exp19 mant>=0x25a zero"
ex238,ex238_core_clamp_hi6_abc_g_aig_d21,fp16_reciprocal_cube,core_clamp_hi6_abc_g_aig_d21,student/work/ex236_ex238_frontend_fp16_core_clamp_allflows_20260608_0953/ex238/verilog/ex238_core_clamp_hi6.v,student/work/ex236_ex238_frontend_fp16_core_clamp_allflows_20260608_0953/ex238/aigs/ex238_core_clamp_hi6_abc_g_aig_d21.aig,1,1,1,1467,18,26406,16549,1.595625,0,0,1.142,"exp_delta_width=2; exp_delta_runs=4; exp_delta_max=3; mant_high=; low_width=10; nested_hi=6; boundary_clamp=exp9 mant<=0x259 inf, exp19 mant>=0x25a zero",semantic_core_clamp,"exp_delta_width=2; exp_delta_runs=4; exp_delta_max=3; mant_high=; low_width=10; nested_hi=6; boundary_clamp=exp9 mant<=0x259 inf, exp19 mant>=0x25a zero"
ex238,ex238_core_clamp_hi6_abc_g_gates,fp16_reciprocal_cube,core_clamp_hi6_abc_g_gates,student/work/ex236_ex238_frontend_fp16_core_clamp_allflows_20260608_0953/ex238/verilog/ex238_core_clamp_hi6.v,student/work/ex236_ex238_frontend_fp16_core_clamp_allflows_20260608_0953/ex238/aigs/ex238_core_clamp_hi6_abc_g_gates.aig,1,1,1,1469,18,26442,16549,1.597800,0,0,1.136,"exp_delta_width=2; exp_delta_runs=4; exp_delta_max=3; mant_high=; low_width=10; nested_hi=6; boundary_clamp=exp9 mant<=0x259 inf, exp19 mant>=0x25a zero",semantic_core_clamp,"exp_delta_width=2; exp_delta_runs=4; exp_delta_max=3; mant_high=; low_width=10; nested_hi=6; boundary_clamp=exp9 mant<=0x259 inf, exp19 mant>=0x25a zero"
ex238,ex238_core_clamp_hi6_abc_g_cmos2,fp16_reciprocal_cube,core_clamp_hi6_abc_g_cmos2,student/work/ex236_ex238_frontend_fp16_core_clamp_allflows_20260608_0953/ex238/verilog/ex238_core_clamp_hi6.v,student/work/ex236_ex238_frontend_fp16_core_clamp_allflows_20260608_0953/ex238/aigs/ex238_core_clamp_hi6_abc_g_cmos2.aig,1,1,1,1489,18,26802,16549,1.619554,0,0,1.177,"exp_delta_width=2; exp_delta_runs=4; exp_delta_max=3; mant_high=; low_width=10; nested_hi=6; boundary_clamp=exp9 mant<=0x259 inf, exp19 mant>=0x25a zero",semantic_core_clamp,"exp_delta_width=2; exp_delta_runs=4; exp_delta_max=3; mant_high=; low_width=10; nested_hi=6; boundary_clamp=exp9 mant<=0x259 inf, exp19 mant>=0x25a zero"
