case,candidate_id,hypothesis,variant,verilog_path,aig_path,verified_truth,synthesized,equivalent,area,delay,adp,runtime_sec,items,notes
ex280,ex280_unknown_key_canonical_cofactor_bdd_prefix_parity_reduce_top5_first_classsop_endpoint,unknown_key_canonical_cofactor_bdd,prefix_parity_reduce_top5_first_classsop_endpoint,student/work/ex280_ex284_frontend_key_cofactor_classsop_20260608_2032/ex280/verilog/ex280_unknown_key_canonical_cofactor_bdd_prefix_parity_reduce_top5_first_classsop_endpoint.v,student/work/ex280_ex284_frontend_key_cofactor_classsop_20260608_2032/ex280/aigs/ex280_unknown_key_canonical_cofactor_bdd_prefix_parity_reduce_top5_first_classsop_endpoint.aig,1,1,1,750,29,21750,1.143,transform=prefix_parity_reduce; outer_bits=0:11:1:10:2; inner_bits=3:4:5:6:7:8:9; class_encoding=first; outer_states=32; class_count=28; unique_reps=0:1:2:3:4:5:6:7:8:9:11:12:13:15:16:17:18:19:20:21:22:23:24:25:27:28:29:31; rep_by_outer=0:1:2:3:4:5:6:7:8:9:8:11:12:13:12:15:16:17:18:19:20:21:22:23:24:25:24:27:28:29:28:31; mux_style=classsop; inner_order_style=endpoint; old_group_bdd_nodes=3456; unique_group_bdd_nodes=3011; group_bdd_nodes=77:84:84:86:125:119:121:121:91:97:94:126:126:123:124:121:124:117:95:95:92:95:126:116:126:102:106:98; hash=56fce4c43a0c,unknown canonical prefix-key cofactor-BDD Verilog seed
ex280,ex280_unknown_key_canonical_cofactor_bdd_prefix_parity_reduce_top5_first_classsop_endpoint_rev,unknown_key_canonical_cofactor_bdd,prefix_parity_reduce_top5_first_classsop_endpoint_rev,student/work/ex280_ex284_frontend_key_cofactor_classsop_20260608_2032/ex280/verilog/ex280_unknown_key_canonical_cofactor_bdd_prefix_parity_reduce_top5_first_classsop_endpoint_rev.v,student/work/ex280_ex284_frontend_key_cofactor_classsop_20260608_2032/ex280/aigs/ex280_unknown_key_canonical_cofactor_bdd_prefix_parity_reduce_top5_first_classsop_endpoint_rev.aig,1,1,1,769,25,19225,1.165,transform=prefix_parity_reduce; outer_bits=0:11:1:10:2; inner_bits=3:4:5:6:7:8:9; class_encoding=first; outer_states=32; class_count=28; unique_reps=0:1:2:3:4:5:6:7:8:9:11:12:13:15:16:17:18:19:20:21:22:23:24:25:27:28:29:31; rep_by_outer=0:1:2:3:4:5:6:7:8:9:8:11:12:13:12:15:16:17:18:19:20:21:22:23:24:25:24:27:28:29:28:31; mux_style=classsop; inner_order_style=endpoint_rev; old_group_bdd_nodes=3456; unique_group_bdd_nodes=3058; group_bdd_nodes=78:83:83:88:129:125:126:127:91:98:93:130:130:127:126:124:126:120:95:93:93:95:127:118:127:102:104:100; hash=45feb6fbebcc,unknown canonical prefix-key cofactor-BDD Verilog seed
ex280,ex280_unknown_key_canonical_cofactor_bdd_prefix_parity_reduce_top6_first_classsop_endpoint,unknown_key_canonical_cofactor_bdd,prefix_parity_reduce_top6_first_classsop_endpoint,student/work/ex280_ex284_frontend_key_cofactor_classsop_20260608_2032/ex280/verilog/ex280_unknown_key_canonical_cofactor_bdd_prefix_parity_reduce_top6_first_classsop_endpoint.v,student/work/ex280_ex284_frontend_key_cofactor_classsop_20260608_2032/ex280/aigs/ex280_unknown_key_canonical_cofactor_bdd_prefix_parity_reduce_top6_first_classsop_endpoint.aig,1,1,1,780,26,20280,1.310,transform=prefix_parity_reduce; outer_bits=0:11:1:10:2:9; inner_bits=3:4:5:6:7:8; class_encoding=first; outer_states=64; class_count=50; unique_reps=0:1:2:3:4:6:8:9:11:12:13:15:16:17:18:19:20:21:22:23:24:25:27:28:29:31:32:33:34:35:36:37:38:39:43:44:45:47:48:49:50:51:52:53:54:55:59:60:61:63; rep_by_outer=0:1:2:3:4:1:6:3:8:9:8:11:12:13:12:15:16:17:18:19:20:21:22:23:24:25:24:27:28:29:28:31:32:33:34:35:36:37:38:39:32:35:32:43:44:45:44:47:48:49:50:51:52:53:54:55:48:51:48:59:60:61:60:63; mux_style=classsop; inner_order_style=endpoint; old_group_bdd_nodes=4573; unique_group_bdd_nodes=3576; group_bdd_nodes=61:68:68:72:72:69:67:73:67:68:68:66:74:74:74:71:75:70:72:75:73:67:73:70:70:67:68:71:71:74:72:70:72:66:71:74:74:71:78:75:78:66:73:79:73:73:78:73:80:72; hash=521c51153b56,unknown canonical prefix-key cofactor-BDD Verilog seed
ex280,ex280_unknown_key_canonical_cofactor_bdd_prefix_parity_reduce_top6_first_classsop_endpoint_rev,unknown_key_canonical_cofactor_bdd,prefix_parity_reduce_top6_first_classsop_endpoint_rev,student/work/ex280_ex284_frontend_key_cofactor_classsop_20260608_2032/ex280/verilog/ex280_unknown_key_canonical_cofactor_bdd_prefix_parity_reduce_top6_first_classsop_endpoint_rev.v,student/work/ex280_ex284_frontend_key_cofactor_classsop_20260608_2032/ex280/aigs/ex280_unknown_key_canonical_cofactor_bdd_prefix_parity_reduce_top6_first_classsop_endpoint_rev.aig,1,1,1,759,26,19734,1.409,transform=prefix_parity_reduce; outer_bits=0:11:1:10:2:9; inner_bits=3:4:5:6:7:8; class_encoding=first; outer_states=64; class_count=50; unique_reps=0:1:2:3:4:6:8:9:11:12:13:15:16:17:18:19:20:21:22:23:24:25:27:28:29:31:32:33:34:35:36:37:38:39:43:44:45:47:48:49:50:51:52:53:54:55:59:60:61:63; rep_by_outer=0:1:2:3:4:1:6:3:8:9:8:11:12:13:12:15:16:17:18:19:20:21:22:23:24:25:24:27:28:29:28:31:32:33:34:35:36:37:38:39:32:35:32:43:44:45:44:47:48:49:50:51:52:53:54:55:48:51:48:59:60:61:60:63; mux_style=classsop; inner_order_style=endpoint_rev; old_group_bdd_nodes=4573; unique_group_bdd_nodes=3736; group_bdd_nodes=64:71:71:77:77:74:71:78:71:72:72:70:77:77:77:73:78:72:75:78:77:70:77:73:73:70:70:73:73:79:74:75:74:68:73:79:79:73:81:78:81:69:76:81:76:76:81:75:82:75; hash=881fcd94ea8b,unknown canonical prefix-key cofactor-BDD Verilog seed
ex281,ex281_unknown_key_canonical_cofactor_bdd_prefix_parity_reduce_top5_first_classsop_endpoint,unknown_key_canonical_cofactor_bdd,prefix_parity_reduce_top5_first_classsop_endpoint,student/work/ex280_ex284_frontend_key_cofactor_classsop_20260608_2032/ex281/verilog/ex281_unknown_key_canonical_cofactor_bdd_prefix_parity_reduce_top5_first_classsop_endpoint.v,student/work/ex280_ex284_frontend_key_cofactor_classsop_20260608_2032/ex281/aigs/ex281_unknown_key_canonical_cofactor_bdd_prefix_parity_reduce_top5_first_classsop_endpoint.aig,1,1,1,921,31,28551,1.833,transform=prefix_parity_reduce; outer_bits=0:12:1:11:2; inner_bits=3:4:5:6:7:8:9:10; class_encoding=first; outer_states=32; class_count=28; unique_reps=0:1:2:3:4:5:6:7:8:9:11:12:13:15:16:17:18:19:20:21:22:23:24:25:27:28:29:31; rep_by_outer=0:1:2:3:4:5:6:7:8:9:8:11:12:13:12:15:16:17:18:19:20:21:22:23:24:25:24:27:28:29:28:31; mux_style=classsop; inner_order_style=endpoint; old_group_bdd_nodes=5238; unique_group_bdd_nodes=4570; group_bdd_nodes=126:133:133:138:186:181:182:182:141:149:144:189:189:184:185:182:185:179:145:142:142:145:188:179:188:150:154:149; hash=d9b44390eef6,unknown canonical prefix-key cofactor-BDD Verilog seed
ex281,ex281_unknown_key_canonical_cofactor_bdd_prefix_parity_reduce_top5_first_classsop_endpoint_rev,unknown_key_canonical_cofactor_bdd,prefix_parity_reduce_top5_first_classsop_endpoint_rev,student/work/ex280_ex284_frontend_key_cofactor_classsop_20260608_2032/ex281/verilog/ex281_unknown_key_canonical_cofactor_bdd_prefix_parity_reduce_top5_first_classsop_endpoint_rev.v,student/work/ex280_ex284_frontend_key_cofactor_classsop_20260608_2032/ex281/aigs/ex281_unknown_key_canonical_cofactor_bdd_prefix_parity_reduce_top5_first_classsop_endpoint_rev.aig,1,1,1,901,34,30634,1.825,transform=prefix_parity_reduce; outer_bits=0:12:1:11:2; inner_bits=3:4:5:6:7:8:9:10; class_encoding=first; outer_states=32; class_count=28; unique_reps=0:1:2:3:4:5:6:7:8:9:11:12:13:15:16:17:18:19:20:21:22:23:24:25:27:28:29:31; rep_by_outer=0:1:2:3:4:5:6:7:8:9:8:11:12:13:12:15:16:17:18:19:20:21:22:23:24:25:24:27:28:29:28:31; mux_style=classsop; inner_order_style=endpoint_rev; old_group_bdd_nodes=5238; unique_group_bdd_nodes=4690; group_bdd_nodes=130:135:135:141:193:189:190:191:143:151:145:194:194:191:190:188:190:185:148:145:146:148:191:183:191:154:156:153; hash=27af1acecd87,unknown canonical prefix-key cofactor-BDD Verilog seed
ex281,ex281_unknown_key_canonical_cofactor_bdd_prefix_parity_reduce_top6_first_classsop_endpoint,unknown_key_canonical_cofactor_bdd,prefix_parity_reduce_top6_first_classsop_endpoint,student/work/ex280_ex284_frontend_key_cofactor_classsop_20260608_2032/ex281/verilog/ex281_unknown_key_canonical_cofactor_bdd_prefix_parity_reduce_top6_first_classsop_endpoint.v,student/work/ex280_ex284_frontend_key_cofactor_classsop_20260608_2032/ex281/aigs/ex281_unknown_key_canonical_cofactor_bdd_prefix_parity_reduce_top6_first_classsop_endpoint.aig,1,1,1,919,25,22975,2.095,transform=prefix_parity_reduce; outer_bits=0:12:1:11:2:10; inner_bits=3:4:5:6:7:8:9; class_encoding=first; outer_states=64; class_count=50; unique_reps=0:1:2:3:4:6:8:9:11:12:13:15:16:17:18:19:20:21:22:23:24:25:27:28:29:31:32:33:34:35:36:37:38:39:43:44:45:47:48:49:50:51:52:53:54:55:59:60:61:63; rep_by_outer=0:1:2:3:4:1:6:3:8:9:8:11:12:13:12:15:16:17:18:19:20:21:22:23:24:25:24:27:28:29:28:31:32:33:34:35:36:37:38:39:32:35:32:43:44:45:44:47:48:49:50:51:52:53:54:55:48:51:48:59:60:61:60:63; mux_style=classsop; inner_order_style=endpoint; old_group_bdd_nodes=7602; unique_group_bdd_nodes=5938; group_bdd_nodes=107:115:115:118:118:115:115:118:115:116:116:111:120:120:120:117:121:116:118:121:120:114:120:117:117:114:116:119:119:125:120:121:120:114:119:125:125:119:124:121:124:116:122:124:122:122:124:117:125:121; hash=114b7a7a4160,unknown canonical prefix-key cofactor-BDD Verilog seed
ex281,ex281_unknown_key_canonical_cofactor_bdd_prefix_parity_reduce_top6_first_classsop_endpoint_rev,unknown_key_canonical_cofactor_bdd,prefix_parity_reduce_top6_first_classsop_endpoint_rev,student/work/ex280_ex284_frontend_key_cofactor_classsop_20260608_2032/ex281/verilog/ex281_unknown_key_canonical_cofactor_bdd_prefix_parity_reduce_top6_first_classsop_endpoint_rev.v,student/work/ex280_ex284_frontend_key_cofactor_classsop_20260608_2032/ex281/aigs/ex281_unknown_key_canonical_cofactor_bdd_prefix_parity_reduce_top6_first_classsop_endpoint_rev.aig,1,1,1,892,28,24976,2.097,transform=prefix_parity_reduce; outer_bits=0:12:1:11:2:10; inner_bits=3:4:5:6:7:8:9; class_encoding=first; outer_states=64; class_count=50; unique_reps=0:1:2:3:4:6:8:9:11:12:13:15:16:17:18:19:20:21:22:23:24:25:27:28:29:31:32:33:34:35:36:37:38:39:43:44:45:47:48:49:50:51:52:53:54:55:59:60:61:63; rep_by_outer=0:1:2:3:4:1:6:3:8:9:8:11:12:13:12:15:16:17:18:19:20:21:22:23:24:25:24:27:28:29:28:31:32:33:34:35:36:37:38:39:32:35:32:43:44:45:44:47:48:49:50:51:52:53:54:55:48:51:48:59:60:61:60:63; mux_style=classsop; inner_order_style=endpoint_rev; old_group_bdd_nodes=7602; unique_group_bdd_nodes=6237; group_bdd_nodes=114:121:121:125:125:122:121:125:121:122:122:117:127:127:127:123:128:122:125:128:127:120:127:123:123:120:121:124:124:131:125:127:125:118:124:131:131:124:130:127:130:120:127:130:127:127:130:124:131:126; hash=e7f98fa76853,unknown canonical prefix-key cofactor-BDD Verilog seed
ex282,ex282_unknown_key_canonical_cofactor_bdd_prefix_parity_reduce_top5_first_classsop_endpoint,unknown_key_canonical_cofactor_bdd,prefix_parity_reduce_top5_first_classsop_endpoint,student/work/ex280_ex284_frontend_key_cofactor_classsop_20260608_2032/ex282/verilog/ex282_unknown_key_canonical_cofactor_bdd_prefix_parity_reduce_top5_first_classsop_endpoint.v,student/work/ex280_ex284_frontend_key_cofactor_classsop_20260608_2032/ex282/aigs/ex282_unknown_key_canonical_cofactor_bdd_prefix_parity_reduce_top5_first_classsop_endpoint.aig,1,1,1,1062,33,35046,3.047,transform=prefix_parity_reduce; outer_bits=0:13:1:12:2; inner_bits=3:4:5:6:7:8:9:10:11; class_encoding=first; outer_states=32; class_count=28; unique_reps=0:1:2:3:4:5:6:7:8:9:11:12:13:15:16:17:18:19:20:21:22:23:24:25:27:28:29:31; rep_by_outer=0:1:2:3:4:5:6:7:8:9:8:11:12:13:12:15:16:17:18:19:20:21:22:23:24:25:24:27:28:29:28:31; mux_style=classsop; inner_order_style=endpoint; old_group_bdd_nodes=7010; unique_group_bdd_nodes=6120; group_bdd_nodes=179:186:186:191:244:239:240:240:194:202:197:247:247:242:243:240:243:237:197:195:194:197:246:237:246:203:207:201; hash=60d3e1c58899,unknown canonical prefix-key cofactor-BDD Verilog seed
ex282,ex282_unknown_key_canonical_cofactor_bdd_prefix_parity_reduce_top5_first_classsop_endpoint_rev,unknown_key_canonical_cofactor_bdd,prefix_parity_reduce_top5_first_classsop_endpoint_rev,student/work/ex280_ex284_frontend_key_cofactor_classsop_20260608_2032/ex282/verilog/ex282_unknown_key_canonical_cofactor_bdd_prefix_parity_reduce_top5_first_classsop_endpoint_rev.v,student/work/ex280_ex284_frontend_key_cofactor_classsop_20260608_2032/ex282/aigs/ex282_unknown_key_canonical_cofactor_bdd_prefix_parity_reduce_top5_first_classsop_endpoint_rev.aig,1,1,1,1026,35,35910,3.071,transform=prefix_parity_reduce; outer_bits=0:13:1:12:2; inner_bits=3:4:5:6:7:8:9:10:11; class_encoding=first; outer_states=32; class_count=28; unique_reps=0:1:2:3:4:5:6:7:8:9:11:12:13:15:16:17:18:19:20:21:22:23:24:25:27:28:29:31; rep_by_outer=0:1:2:3:4:5:6:7:8:9:8:11:12:13:12:15:16:17:18:19:20:21:22:23:24:25:24:27:28:29:28:31; mux_style=classsop; inner_order_style=endpoint_rev; old_group_bdd_nodes=7010; unique_group_bdd_nodes=6268; group_bdd_nodes=184:189:189:195:252:248:249:250:197:205:199:253:253:250:249:247:249:244:201:199:199:201:250:242:250:208:210:206; hash=3e506bc6247c,unknown canonical prefix-key cofactor-BDD Verilog seed
ex282,ex282_unknown_key_canonical_cofactor_bdd_prefix_parity_reduce_top6_first_classsop_endpoint,unknown_key_canonical_cofactor_bdd,prefix_parity_reduce_top6_first_classsop_endpoint,student/work/ex280_ex284_frontend_key_cofactor_classsop_20260608_2032/ex282/verilog/ex282_unknown_key_canonical_cofactor_bdd_prefix_parity_reduce_top6_first_classsop_endpoint.v,student/work/ex280_ex284_frontend_key_cofactor_classsop_20260608_2032/ex282/aigs/ex282_unknown_key_canonical_cofactor_bdd_prefix_parity_reduce_top6_first_classsop_endpoint.aig,1,1,1,1010,31,31310,3.423,transform=prefix_parity_reduce; outer_bits=0:13:1:12:2:11; inner_bits=3:4:5:6:7:8:9:10; class_encoding=first; outer_states=64; class_count=50; unique_reps=0:1:2:3:4:6:8:9:11:12:13:15:16:17:18:19:20:21:22:23:24:25:27:28:29:31:32:33:34:35:36:37:38:39:43:44:45:47:48:49:50:51:52:53:54:55:59:60:61:63; rep_by_outer=0:1:2:3:4:1:6:3:8:9:8:11:12:13:12:15:16:17:18:19:20:21:22:23:24:25:24:27:28:29:28:31:32:33:34:35:36:37:38:39:32:35:32:43:44:45:44:47:48:49:50:51:52:53:54:55:48:51:48:59:60:61:60:63; mux_style=classsop; inner_order_style=endpoint; old_group_bdd_nodes=10914; unique_group_bdd_nodes=8523; group_bdd_nodes=158:166:166:170:170:167:166:170:166:167:167:163:170:170:170:168:171:167:168:171:170:165:170:168:168:164:169:172:172:177:173:173:173:167:172:177:177:172:177:174:177:168:174:177:174:174:177:170:178:173; hash=d3a50ff05f98,unknown canonical prefix-key cofactor-BDD Verilog seed
ex282,ex282_unknown_key_canonical_cofactor_bdd_prefix_parity_reduce_top6_first_classsop_endpoint_rev,unknown_key_canonical_cofactor_bdd,prefix_parity_reduce_top6_first_classsop_endpoint_rev,student/work/ex280_ex284_frontend_key_cofactor_classsop_20260608_2032/ex282/verilog/ex282_unknown_key_canonical_cofactor_bdd_prefix_parity_reduce_top6_first_classsop_endpoint_rev.v,student/work/ex280_ex284_frontend_key_cofactor_classsop_20260608_2032/ex282/aigs/ex282_unknown_key_canonical_cofactor_bdd_prefix_parity_reduce_top6_first_classsop_endpoint_rev.aig,1,1,1,1021,30,30630,3.476,transform=prefix_parity_reduce; outer_bits=0:13:1:12:2:11; inner_bits=3:4:5:6:7:8:9:10; class_encoding=first; outer_states=64; class_count=50; unique_reps=0:1:2:3:4:6:8:9:11:12:13:15:16:17:18:19:20:21:22:23:24:25:27:28:29:31:32:33:34:35:36:37:38:39:43:44:45:47:48:49:50:51:52:53:54:55:59:60:61:63; rep_by_outer=0:1:2:3:4:1:6:3:8:9:8:11:12:13:12:15:16:17:18:19:20:21:22:23:24:25:24:27:28:29:28:31:32:33:34:35:36:37:38:39:32:35:32:43:44:45:44:47:48:49:50:51:52:53:54:55:48:51:48:59:60:61:60:63; mux_style=classsop; inner_order_style=endpoint_rev; old_group_bdd_nodes=10914; unique_group_bdd_nodes=8886; group_bdd_nodes=166:173:173:179:179:176:173:179:173:174:174:171:179:179:179:175:180:174:177:180:179:172:179:175:175:172:175:178:178:184:179:180:179:172:178:184:184:178:184:181:184:173:180:184:180:180:184:178:185:179; hash=90ed25ca2d27,unknown canonical prefix-key cofactor-BDD Verilog seed
ex283,ex283_unknown_key_canonical_cofactor_bdd_prefix_parity_reduce_top5_first_classsop_endpoint,unknown_key_canonical_cofactor_bdd,prefix_parity_reduce_top5_first_classsop_endpoint,student/work/ex280_ex284_frontend_key_cofactor_classsop_20260608_2032/ex283/verilog/ex283_unknown_key_canonical_cofactor_bdd_prefix_parity_reduce_top5_first_classsop_endpoint.v,student/work/ex280_ex284_frontend_key_cofactor_classsop_20260608_2032/ex283/aigs/ex283_unknown_key_canonical_cofactor_bdd_prefix_parity_reduce_top5_first_classsop_endpoint.aig,1,1,1,1220,33,40260,5.594,transform=prefix_parity_reduce; outer_bits=0:14:1:13:2; inner_bits=3:4:5:6:7:8:9:10:11:12; class_encoding=first; outer_states=32; class_count=28; unique_reps=0:1:2:3:4:5:6:7:8:9:11:12:13:15:16:17:18:19:20:21:22:23:24:25:27:28:29:31; rep_by_outer=0:1:2:3:4:5:6:7:8:9:8:11:12:13:12:15:16:17:18:19:20:21:22:23:24:25:24:27:28:29:28:31; mux_style=classsop; inner_order_style=endpoint; old_group_bdd_nodes=9234; unique_group_bdd_nodes=8066; group_bdd_nodes=246:253:253:258:316:311:312:312:261:269:264:319:319:314:315:312:315:309:264:262:261:264:318:309:318:270:274:268; hash=1b96b5cfb383,unknown canonical prefix-key cofactor-BDD Verilog seed
ex283,ex283_unknown_key_canonical_cofactor_bdd_prefix_parity_reduce_top5_first_classsop_endpoint_rev,unknown_key_canonical_cofactor_bdd,prefix_parity_reduce_top5_first_classsop_endpoint_rev,student/work/ex280_ex284_frontend_key_cofactor_classsop_20260608_2032/ex283/verilog/ex283_unknown_key_canonical_cofactor_bdd_prefix_parity_reduce_top5_first_classsop_endpoint_rev.v,student/work/ex280_ex284_frontend_key_cofactor_classsop_20260608_2032/ex283/aigs/ex283_unknown_key_canonical_cofactor_bdd_prefix_parity_reduce_top5_first_classsop_endpoint_rev.aig,1,1,1,1167,38,44346,5.701,transform=prefix_parity_reduce; outer_bits=0:14:1:13:2; inner_bits=3:4:5:6:7:8:9:10:11:12; class_encoding=first; outer_states=32; class_count=28; unique_reps=0:1:2:3:4:5:6:7:8:9:11:12:13:15:16:17:18:19:20:21:22:23:24:25:27:28:29:31; rep_by_outer=0:1:2:3:4:5:6:7:8:9:8:11:12:13:12:15:16:17:18:19:20:21:22:23:24:25:24:27:28:29:28:31; mux_style=classsop; inner_order_style=endpoint_rev; old_group_bdd_nodes=9234; unique_group_bdd_nodes=8270; group_bdd_nodes=253:258:258:264:326:322:323:324:266:274:268:327:327:324:323:321:323:318:270:268:268:270:324:316:324:277:279:275; hash=2189fea0bb89,unknown canonical prefix-key cofactor-BDD Verilog seed
ex283,ex283_unknown_key_canonical_cofactor_bdd_prefix_parity_reduce_top6_first_classsop_endpoint,unknown_key_canonical_cofactor_bdd,prefix_parity_reduce_top6_first_classsop_endpoint,student/work/ex280_ex284_frontend_key_cofactor_classsop_20260608_2032/ex283/verilog/ex283_unknown_key_canonical_cofactor_bdd_prefix_parity_reduce_top6_first_classsop_endpoint.v,student/work/ex280_ex284_frontend_key_cofactor_classsop_20260608_2032/ex283/aigs/ex283_unknown_key_canonical_cofactor_bdd_prefix_parity_reduce_top6_first_classsop_endpoint.aig,1,1,1,1142,34,38828,5.932,transform=prefix_parity_reduce; outer_bits=0:14:1:13:2:12; inner_bits=3:4:5:6:7:8:9:10:11; class_encoding=first; outer_states=64; class_count=50; unique_reps=0:1:2:3:4:6:8:9:11:12:13:15:16:17:18:19:20:21:22:23:24:25:27:28:29:31:32:33:34:35:36:37:38:39:43:44:45:47:48:49:50:51:52:53:54:55:59:60:61:63; rep_by_outer=0:1:2:3:4:1:6:3:8:9:8:11:12:13:12:15:16:17:18:19:20:21:22:23:24:25:24:27:28:29:28:31:32:33:34:35:36:37:38:39:32:35:32:43:44:45:44:47:48:49:50:51:52:53:54:55:48:51:48:59:60:61:60:63; mux_style=classsop; inner_order_style=endpoint; old_group_bdd_nodes=15186; unique_group_bdd_nodes=11861; group_bdd_nodes=224:232:232:237:237:234:232:237:232:233:233:230:237:237:237:234:238:233:235:238:237:231:237:234:234:231:236:239:239:244:240:240:240:234:239:244:244:239:244:241:244:235:241:244:241:241:244:237:245:240; hash=5d2f9bafa875,unknown canonical prefix-key cofactor-BDD Verilog seed
ex283,ex283_unknown_key_canonical_cofactor_bdd_prefix_parity_reduce_top6_first_classsop_endpoint_rev,unknown_key_canonical_cofactor_bdd,prefix_parity_reduce_top6_first_classsop_endpoint_rev,student/work/ex280_ex284_frontend_key_cofactor_classsop_20260608_2032/ex283/verilog/ex283_unknown_key_canonical_cofactor_bdd_prefix_parity_reduce_top6_first_classsop_endpoint_rev.v,student/work/ex280_ex284_frontend_key_cofactor_classsop_20260608_2032/ex283/aigs/ex283_unknown_key_canonical_cofactor_bdd_prefix_parity_reduce_top6_first_classsop_endpoint_rev.aig,1,1,1,1111,36,39996,6.158,transform=prefix_parity_reduce; outer_bits=0:14:1:13:2:12; inner_bits=3:4:5:6:7:8:9:10:11; class_encoding=first; outer_states=64; class_count=50; unique_reps=0:1:2:3:4:6:8:9:11:12:13:15:16:17:18:19:20:21:22:23:24:25:27:28:29:31:32:33:34:35:36:37:38:39:43:44:45:47:48:49:50:51:52:53:54:55:59:60:61:63; rep_by_outer=0:1:2:3:4:1:6:3:8:9:8:11:12:13:12:15:16:17:18:19:20:21:22:23:24:25:24:27:28:29:28:31:32:33:34:35:36:37:38:39:32:35:32:43:44:45:44:47:48:49:50:51:52:53:54:55:48:51:48:59:60:61:60:63; mux_style=classsop; inner_order_style=endpoint_rev; old_group_bdd_nodes=15186; unique_group_bdd_nodes=12336; group_bdd_nodes=235:242:242:248:248:245:242:248:242:243:243:240:248:248:248:244:249:243:246:249:248:241:248:244:244:241:244:247:247:253:248:249:248:241:247:253:253:247:253:250:253:242:249:253:249:249:253:247:254:248; hash=9e7d5d69a967,unknown canonical prefix-key cofactor-BDD Verilog seed
ex284,ex284_unknown_key_canonical_cofactor_bdd_prefix_parity_reduce_top5_first_classsop_endpoint,unknown_key_canonical_cofactor_bdd,prefix_parity_reduce_top5_first_classsop_endpoint,student/work/ex280_ex284_frontend_key_cofactor_classsop_20260608_2032/ex284/verilog/ex284_unknown_key_canonical_cofactor_bdd_prefix_parity_reduce_top5_first_classsop_endpoint.v,student/work/ex280_ex284_frontend_key_cofactor_classsop_20260608_2032/ex284/aigs/ex284_unknown_key_canonical_cofactor_bdd_prefix_parity_reduce_top5_first_classsop_endpoint.aig,1,1,1,1363,37,50431,11.431,transform=prefix_parity_reduce; outer_bits=0:15:1:14:2; inner_bits=3:4:5:6:7:8:9:10:11:12:13; class_encoding=first; outer_states=32; class_count=28; unique_reps=0:1:2:3:4:5:6:7:8:9:11:12:13:15:16:17:18:19:20:21:22:23:24:25:27:28:29:31; rep_by_outer=0:1:2:3:4:5:6:7:8:9:8:11:12:13:12:15:16:17:18:19:20:21:22:23:24:25:24:27:28:29:28:31; mux_style=classsop; inner_order_style=endpoint; old_group_bdd_nodes=11266; unique_group_bdd_nodes=9844; group_bdd_nodes=307:314:314:319:382:377:378:378:322:330:325:385:385:380:381:378:381:375:325:323:322:325:384:375:384:331:335:329; hash=e4e30c24de6e,unknown canonical prefix-key cofactor-BDD Verilog seed
ex284,ex284_unknown_key_canonical_cofactor_bdd_prefix_parity_reduce_top5_first_classsop_endpoint_rev,unknown_key_canonical_cofactor_bdd,prefix_parity_reduce_top5_first_classsop_endpoint_rev,student/work/ex280_ex284_frontend_key_cofactor_classsop_20260608_2032/ex284/verilog/ex284_unknown_key_canonical_cofactor_bdd_prefix_parity_reduce_top5_first_classsop_endpoint_rev.v,student/work/ex280_ex284_frontend_key_cofactor_classsop_20260608_2032/ex284/aigs/ex284_unknown_key_canonical_cofactor_bdd_prefix_parity_reduce_top5_first_classsop_endpoint_rev.aig,1,1,1,1336,37,49432,11.315,transform=prefix_parity_reduce; outer_bits=0:15:1:14:2; inner_bits=3:4:5:6:7:8:9:10:11:12:13; class_encoding=first; outer_states=32; class_count=28; unique_reps=0:1:2:3:4:5:6:7:8:9:11:12:13:15:16:17:18:19:20:21:22:23:24:25:27:28:29:31; rep_by_outer=0:1:2:3:4:5:6:7:8:9:8:11:12:13:12:15:16:17:18:19:20:21:22:23:24:25:24:27:28:29:28:31; mux_style=classsop; inner_order_style=endpoint_rev; old_group_bdd_nodes=11266; unique_group_bdd_nodes=10076; group_bdd_nodes=315:320:320:326:393:389:390:391:328:336:330:394:394:391:390:388:390:385:332:330:330:332:391:383:391:339:341:337; hash=8428a2b9250a,unknown canonical prefix-key cofactor-BDD Verilog seed
ex284,ex284_unknown_key_canonical_cofactor_bdd_prefix_parity_reduce_top6_first_classsop_endpoint,unknown_key_canonical_cofactor_bdd,prefix_parity_reduce_top6_first_classsop_endpoint,student/work/ex280_ex284_frontend_key_cofactor_classsop_20260608_2032/ex284/verilog/ex284_unknown_key_canonical_cofactor_bdd_prefix_parity_reduce_top6_first_classsop_endpoint.v,student/work/ex280_ex284_frontend_key_cofactor_classsop_20260608_2032/ex284/aigs/ex284_unknown_key_canonical_cofactor_bdd_prefix_parity_reduce_top6_first_classsop_endpoint.aig,1,1,1,1289,35,45115,11.289,transform=prefix_parity_reduce; outer_bits=0:15:1:14:2:13; inner_bits=3:4:5:6:7:8:9:10:11:12; class_encoding=first; outer_states=64; class_count=50; unique_reps=0:1:2:3:4:6:8:9:11:12:13:15:16:17:18:19:20:21:22:23:24:25:27:28:29:31:32:33:34:35:36:37:38:39:43:44:45:47:48:49:50:51:52:53:54:55:59:60:61:63; rep_by_outer=0:1:2:3:4:1:6:3:8:9:8:11:12:13:12:15:16:17:18:19:20:21:22:23:24:25:24:27:28:29:28:31:32:33:34:35:36:37:38:39:32:35:32:43:44:45:44:47:48:49:50:51:52:53:54:55:48:51:48:59:60:61:60:63; mux_style=classsop; inner_order_style=endpoint; old_group_bdd_nodes=19090; unique_group_bdd_nodes=14911; group_bdd_nodes=285:293:293:298:298:295:293:298:293:294:294:291:298:298:298:295:299:294:296:299:298:292:298:295:295:292:297:300:300:305:301:301:301:295:300:305:305:300:305:302:305:296:302:305:302:302:305:298:306:301; hash=3b968ab0e564,unknown canonical prefix-key cofactor-BDD Verilog seed
ex284,ex284_unknown_key_canonical_cofactor_bdd_prefix_parity_reduce_top6_first_classsop_endpoint_rev,unknown_key_canonical_cofactor_bdd,prefix_parity_reduce_top6_first_classsop_endpoint_rev,student/work/ex280_ex284_frontend_key_cofactor_classsop_20260608_2032/ex284/verilog/ex284_unknown_key_canonical_cofactor_bdd_prefix_parity_reduce_top6_first_classsop_endpoint_rev.v,student/work/ex280_ex284_frontend_key_cofactor_classsop_20260608_2032/ex284/aigs/ex284_unknown_key_canonical_cofactor_bdd_prefix_parity_reduce_top6_first_classsop_endpoint_rev.aig,1,1,1,1299,36,46764,11.727,transform=prefix_parity_reduce; outer_bits=0:15:1:14:2:13; inner_bits=3:4:5:6:7:8:9:10:11:12; class_encoding=first; outer_states=64; class_count=50; unique_reps=0:1:2:3:4:6:8:9:11:12:13:15:16:17:18:19:20:21:22:23:24:25:27:28:29:31:32:33:34:35:36:37:38:39:43:44:45:47:48:49:50:51:52:53:54:55:59:60:61:63; rep_by_outer=0:1:2:3:4:1:6:3:8:9:8:11:12:13:12:15:16:17:18:19:20:21:22:23:24:25:24:27:28:29:28:31:32:33:34:35:36:37:38:39:32:35:32:43:44:45:44:47:48:49:50:51:52:53:54:55:48:51:48:59:60:61:60:63; mux_style=classsop; inner_order_style=endpoint_rev; old_group_bdd_nodes=19090; unique_group_bdd_nodes=15436; group_bdd_nodes=297:304:304:310:310:307:304:310:304:305:305:302:310:310:310:306:311:305:308:311:310:303:310:306:306:303:306:309:309:315:310:311:310:303:309:315:315:309:315:312:315:304:311:315:311:311:315:309:316:310; hash=1f02e26bd035,unknown canonical prefix-key cofactor-BDD Verilog seed
