round,run_id,agent_id,case,domain,candidate_id,family,hypothesis,representation,sharing_strategy,shared_structure,synth_flow,method_signature,verilog_path,aig_path,log_path,evaluate_log,official_status,equivalent,simulation_pass,area,delay,adp,reference_adp,current_adp,frontend_best_adp,beats_frontend,beats_current,beats_reference,notes,yosys_log,official_eval_log,verified_truth,shard_csv,variant,eval_aig_path,target_current_adp,target_frontend_adp,improved_current,improved_frontend,sharing,grouping,status,synth_log,eval_log,synth_sec,eval_sec
,frontend_source_parallel_round76_20260613_1706,sub-fp16-r76,ex225,fp16,ex225_r76_segbase_delta_lo5_segbase_delta_lo5_abc_g_aig,segbase_delta_lo5,exact log/log10 exponent-region affine boundary delta,sign-exp plus mant_hi5 base word with exact mant_lo5 modular delta,shared special shell and shared per-region base feeding one 16-bit delta adder,exponent-region base table; mantissa boundary delta residual keyed by semantic sign-exp/mant_hi class,yosys_abc_g_aig,ex225|exact_log/log10_exponent-region_affine_boundary_delta|sign-exp_plus_mant_hi5_base_word_with_exact_mant_lo5_modular_delta|shared_special_shell_and_shared_per-region_base_feeding_one_16-bit_delta_adder|yosys_abc_g_aig|abc_xf_official_evaluate|r76_segbase_delta_lo5,student/work/frontend_source_parallel_round76_20260613_1706/sub-fp16-r76/ex225/verilog/ex225_r76_segbase_delta_lo5_segbase_delta_lo5_abc_g_aig.v,student/work/frontend_source_parallel_round76_20260613_1706/sub-fp16-r76/ex225/aigs/ex225_r76_segbase_delta_lo5_segbase_delta_lo5_abc_g_aig.aig,,,OK,1,not_run,12727,46,585442,116676,205656,218728,0,0,0,special_const_groups=33; special_full_groups=1; special_items=1057; base_items=960; delta_items=30720; max_signed_delta_abs=8866,student/work/frontend_source_parallel_round76_20260613_1706/sub-fp16-r76/ex225/logs/ex225_r76_segbase_delta_lo5_segbase_delta_lo5_abc_g_aig.yosys.log,student/runs/fp16/frontend_source_parallel_round76_20260613_1706/sub-fp16-r76/ex225/official_eval/ex225_r76_segbase_delta_lo5_segbase_delta_lo5_abc_g_aig/ex225_r76_segbase_delta_lo5_segbase_delta_lo5_abc_g_aig.evaluate.py.log,1,student/frontend_campaigns/campaigns/frontend_source_parallel_round76_20260613_1706/agent_shards/sub-fp16-r76/candidates.csv,,,,,,,,,,,,,
,frontend_source_parallel_round76_20260613_1706,sub-fp16-r76,ex225,fp16,ex225_r76_ratio_xor_lo6_ratio_xor_lo6_abc_g_aig,ratio_xor_lo6,positive-normal mantissa quotient/ratio descriptor,mant_hi4 leading-ratio class base word plus exact mant_lo6 XOR residual,shared leading-region predicate and one semantic-class residual family,ratio-class base table; low6 XOR residual keyed by sign-exp and mantissa ratio class,yosys_abc_g_aig,ex225|positive-normal_mantissa_quotient/ratio_descriptor|mant_hi4_leading-ratio_class_base_word_plus_exact_mant_lo6_XOR_residual|shared_leading-region_predicate_and_one_semantic-class_residual_family|yosys_abc_g_aig|abc_xf_official_evaluate|r76_ratio_xor_lo6,student/work/frontend_source_parallel_round76_20260613_1706/sub-fp16-r76/ex225/verilog/ex225_r76_ratio_xor_lo6_ratio_xor_lo6_abc_g_aig.v,student/work/frontend_source_parallel_round76_20260613_1706/sub-fp16-r76/ex225/aigs/ex225_r76_ratio_xor_lo6_ratio_xor_lo6_abc_g_aig.aig,,,OK,1,not_run,12728,21,267288,116676,205656,218728,0,0,0,special_const_groups=33; special_full_groups=1; special_items=1057; ratio_classes=16; tail_width=6; base_items=480; residual_items=30720; const_residual_groups=0,student/work/frontend_source_parallel_round76_20260613_1706/sub-fp16-r76/ex225/logs/ex225_r76_ratio_xor_lo6_ratio_xor_lo6_abc_g_aig.yosys.log,student/runs/fp16/frontend_source_parallel_round76_20260613_1706/sub-fp16-r76/ex225/official_eval/ex225_r76_ratio_xor_lo6_ratio_xor_lo6_abc_g_aig/ex225_r76_ratio_xor_lo6_ratio_xor_lo6_abc_g_aig.evaluate.py.log,1,student/frontend_campaigns/campaigns/frontend_source_parallel_round76_20260613_1706/agent_shards/sub-fp16-r76/candidates.csv,,,,,,,,,,,,,
,frontend_source_parallel_round76_20260613_1706,sub-fp16-r76,ex223,fp16,ex223_r76_segbase_delta_lo5_segbase_delta_lo5_abc_g_aig,segbase_delta_lo5,exact log/log10 exponent-region affine boundary delta,sign-exp plus mant_hi5 base word with exact mant_lo5 modular delta,shared special shell and shared per-region base feeding one 16-bit delta adder,exponent-region base table; mantissa boundary delta residual keyed by semantic sign-exp/mant_hi class,yosys_abc_g_aig,ex223|exact_log/log10_exponent-region_affine_boundary_delta|sign-exp_plus_mant_hi5_base_word_with_exact_mant_lo5_modular_delta|shared_special_shell_and_shared_per-region_base_feeding_one_16-bit_delta_adder|yosys_abc_g_aig|abc_xf_official_evaluate|r76_segbase_delta_lo5,student/work/frontend_source_parallel_round76_20260613_1706/sub-fp16-r76/ex223/verilog/ex223_r76_segbase_delta_lo5_segbase_delta_lo5_abc_g_aig.v,student/work/frontend_source_parallel_round76_20260613_1706/sub-fp16-r76/ex223/aigs/ex223_r76_segbase_delta_lo5_segbase_delta_lo5_abc_g_aig.aig,,,OK,1,not_run,12626,46,580796,120549,189468,203756,0,0,0,special_const_groups=33; special_full_groups=1; special_items=1057; base_items=960; delta_items=30720; max_signed_delta_abs=10147,student/work/frontend_source_parallel_round76_20260613_1706/sub-fp16-r76/ex223/logs/ex223_r76_segbase_delta_lo5_segbase_delta_lo5_abc_g_aig.yosys.log,student/runs/fp16/frontend_source_parallel_round76_20260613_1706/sub-fp16-r76/ex223/official_eval/ex223_r76_segbase_delta_lo5_segbase_delta_lo5_abc_g_aig/ex223_r76_segbase_delta_lo5_segbase_delta_lo5_abc_g_aig.evaluate.py.log,1,student/frontend_campaigns/campaigns/frontend_source_parallel_round76_20260613_1706/agent_shards/sub-fp16-r76/candidates.csv,,,,,,,,,,,,,
,frontend_source_parallel_round76_20260613_1706,sub-fp16-r76,ex223,fp16,ex223_r76_ratio_xor_lo6_ratio_xor_lo6_abc_g_aig,ratio_xor_lo6,positive-normal mantissa quotient/ratio descriptor,mant_hi4 leading-ratio class base word plus exact mant_lo6 XOR residual,shared leading-region predicate and one semantic-class residual family,ratio-class base table; low6 XOR residual keyed by sign-exp and mantissa ratio class,yosys_abc_g_aig,ex223|positive-normal_mantissa_quotient/ratio_descriptor|mant_hi4_leading-ratio_class_base_word_plus_exact_mant_lo6_XOR_residual|shared_leading-region_predicate_and_one_semantic-class_residual_family|yosys_abc_g_aig|abc_xf_official_evaluate|r76_ratio_xor_lo6,student/work/frontend_source_parallel_round76_20260613_1706/sub-fp16-r76/ex223/verilog/ex223_r76_ratio_xor_lo6_ratio_xor_lo6_abc_g_aig.v,student/work/frontend_source_parallel_round76_20260613_1706/sub-fp16-r76/ex223/aigs/ex223_r76_ratio_xor_lo6_ratio_xor_lo6_abc_g_aig.aig,,,OK,1,not_run,12055,21,253155,120549,189468,203756,0,0,0,special_const_groups=33; special_full_groups=1; special_items=1057; ratio_classes=16; tail_width=6; base_items=480; residual_items=30720; const_residual_groups=0,student/work/frontend_source_parallel_round76_20260613_1706/sub-fp16-r76/ex223/logs/ex223_r76_ratio_xor_lo6_ratio_xor_lo6_abc_g_aig.yosys.log,student/runs/fp16/frontend_source_parallel_round76_20260613_1706/sub-fp16-r76/ex223/official_eval/ex223_r76_ratio_xor_lo6_ratio_xor_lo6_abc_g_aig/ex223_r76_ratio_xor_lo6_ratio_xor_lo6_abc_g_aig.evaluate.py.log,1,student/frontend_campaigns/campaigns/frontend_source_parallel_round76_20260613_1706/agent_shards/sub-fp16-r76/candidates.csv,,,,,,,,,,,,,
,,sub-fp8-mid-r76,ex249,,ex249_r76_rawexp_threshold_semantic,,"E5M2FN hypot abs(high,low)",,,,,ex249|round76_frontend_source|rawexp_threshold_semantic|shared raw-exponent max/min decode; ordered_abs; gap0/gap1 threshold delta; saturation guard|repo_yosys_frontend_default|official_evaluate|full_word,/home/b10507053/ALS_Final_Project/student/work/frontend_source_parallel_round76_20260613_1706/sub-fp8-mid-r76/ex249/verilog/ex249_r76_rawexp_threshold_semantic.v,/home/b10507053/ALS_Final_Project/student/work/frontend_source_parallel_round76_20260613_1706/sub-fp8-mid-r76/ex249/aigs/ex249_r76_rawexp_threshold_semantic.aig,,/home/b10507053/ALS_Final_Project/student/work/frontend_source_parallel_round76_20260613_1706/sub-fp8-mid-r76/ex249/logs/ex249_r76_rawexp_threshold_semantic.evaluate.py.log,,1,,191,30,5730,2079,,,,,0,"shared raw-exponent max/min decode, ordered_abs, gap0/gap1 threshold delta, saturation guard",,,1,student/frontend_campaigns/campaigns/frontend_source_parallel_round76_20260613_1706/agent_shards/sub-fp8-mid-r76/candidates.csv,rawexp_threshold_semantic,/home/b10507053/ALS_Final_Project/student/work/frontend_source_parallel_round76_20260613_1706/sub-fp8-mid-r76/ex249/eval/ex249_r76_rawexp_threshold_semantic/ex249.aig,3339,4342,0,0,,,,,,,
,,sub-fp8-mid-r76,ex249,,ex249_r76_threshold_case_semantic,,"E5M2FN hypot abs(high,low)",,,,,ex249|round76_frontend_source|threshold_case_semantic|threshold-case delta classification keyed by max/min significand and active gap|repo_yosys_frontend_default|official_evaluate|full_word,/home/b10507053/ALS_Final_Project/student/work/frontend_source_parallel_round76_20260613_1706/sub-fp8-mid-r76/ex249/verilog/ex249_r76_threshold_case_semantic.v,/home/b10507053/ALS_Final_Project/student/work/frontend_source_parallel_round76_20260613_1706/sub-fp8-mid-r76/ex249/aigs/ex249_r76_threshold_case_semantic.aig,,/home/b10507053/ALS_Final_Project/student/work/frontend_source_parallel_round76_20260613_1706/sub-fp8-mid-r76/ex249/logs/ex249_r76_threshold_case_semantic.evaluate.py.log,,1,,185,30,5550,2079,,,,,0,threshold-case delta classification keyed by max/min significand and active gap,,,1,student/frontend_campaigns/campaigns/frontend_source_parallel_round76_20260613_1706/agent_shards/sub-fp8-mid-r76/candidates.csv,threshold_case_semantic,/home/b10507053/ALS_Final_Project/student/work/frontend_source_parallel_round76_20260613_1706/sub-fp8-mid-r76/ex249/eval/ex249_r76_threshold_case_semantic/ex249.aig,3339,4342,0,0,,,,,,,
,,sub-fp8-mid-r76,ex241,,ex241_r76_nested_exp_product,,E4M3FN multiply high byte times low byte,,,,,ex241|round76_frontend_source|nested_exp_product|shared sign xor; exponent sum; product key; nested exponent/product output tables|repo_yosys_frontend_default|official_evaluate|full_word,/home/b10507053/ALS_Final_Project/student/work/frontend_source_parallel_round76_20260613_1706/sub-fp8-mid-r76/ex241/verilog/ex241_r76_nested_exp_product.v,/home/b10507053/ALS_Final_Project/student/work/frontend_source_parallel_round76_20260613_1706/sub-fp8-mid-r76/ex241/aigs/ex241_r76_nested_exp_product.aig,,/home/b10507053/ALS_Final_Project/student/work/frontend_source_parallel_round76_20260613_1706/sub-fp8-mid-r76/ex241/logs/ex241_r76_nested_exp_product.evaluate.py.log,,1,,554,30,16620,7224,,,,,0,"shared sign xor, exponent sum, product key, nested exponent/product output tables",,,1,student/frontend_campaigns/campaigns/frontend_source_parallel_round76_20260613_1706/agent_shards/sub-fp8-mid-r76/candidates.csv,nested_exp_product,/home/b10507053/ALS_Final_Project/student/work/frontend_source_parallel_round76_20260613_1706/sub-fp8-mid-r76/ex241/eval/ex241_r76_nested_exp_product/ex241.aig,11592,14094,0,0,,,,,,,
,,sub-fp8-mid-r76,ex241,,ex241_r76_product_param_exception,,E4M3FN multiply high byte times low byte,,,,,ex241|round76_frontend_source|product_param_exception|product exponent formula with parameterized rounding and exception overlay|repo_yosys_frontend_default|official_evaluate|full_word,/home/b10507053/ALS_Final_Project/student/work/frontend_source_parallel_round76_20260613_1706/sub-fp8-mid-r76/ex241/verilog/ex241_r76_product_param_exception.v,/home/b10507053/ALS_Final_Project/student/work/frontend_source_parallel_round76_20260613_1706/sub-fp8-mid-r76/ex241/aigs/ex241_r76_product_param_exception.aig,,/home/b10507053/ALS_Final_Project/student/work/frontend_source_parallel_round76_20260613_1706/sub-fp8-mid-r76/ex241/logs/ex241_r76_product_param_exception.evaluate.py.log,,1,,582,40,23280,7224,,,,,0,product exponent formula with parameterized rounding and exception overlay,,,1,student/frontend_campaigns/campaigns/frontend_source_parallel_round76_20260613_1706/agent_shards/sub-fp8-mid-r76/candidates.csv,product_param_exception,/home/b10507053/ALS_Final_Project/student/work/frontend_source_parallel_round76_20260613_1706/sub-fp8-mid-r76/ex241/eval/ex241_r76_product_param_exception/ex241.aig,11592,14094,0,0,,,,,,,
,,sub-fp8-mid-r76,ex240,,ex240_r76_signmag_selected_output_factor,,E4M3FN add high byte plus low byte,,,,,ex240|round76_frontend_source|signmag_selected_output_factor|shared field decode and separate sign/magnitude selected-output factoring|repo_yosys_frontend_default|official_evaluate|full_word,/home/b10507053/ALS_Final_Project/student/work/frontend_source_parallel_round76_20260613_1706/sub-fp8-mid-r76/ex240/verilog/ex240_r76_signmag_selected_output_factor.v,/home/b10507053/ALS_Final_Project/student/work/frontend_source_parallel_round76_20260613_1706/sub-fp8-mid-r76/ex240/aigs/ex240_r76_signmag_selected_output_factor.aig,,/home/b10507053/ALS_Final_Project/student/work/frontend_source_parallel_round76_20260613_1706/sub-fp8-mid-r76/ex240/logs/ex240_r76_signmag_selected_output_factor.evaluate.py.log,,1,,650,46,29900,13299,,,,,0,shared field decode and separate sign/magnitude selected-output factoring,,,1,student/frontend_campaigns/campaigns/frontend_source_parallel_round76_20260613_1706/agent_shards/sub-fp8-mid-r76/candidates.csv,signmag_selected_output_factor,/home/b10507053/ALS_Final_Project/student/work/frontend_source_parallel_round76_20260613_1706/sub-fp8-mid-r76/ex240/eval/ex240_r76_signmag_selected_output_factor/ex240.aig,21046,26230,0,0,,,,,,,
,,sub-fp8-mid-r76,ex240,,ex240_r76_compact_cancel_predicate_mux,,E4M3FN add high byte plus low byte,,,,,ex240|round76_frontend_source|compact_cancel_predicate_mux|compact cancellation predicates with same/diff active muxing|repo_yosys_frontend_default|official_evaluate|full_word,/home/b10507053/ALS_Final_Project/student/work/frontend_source_parallel_round76_20260613_1706/sub-fp8-mid-r76/ex240/verilog/ex240_r76_compact_cancel_predicate_mux.v,/home/b10507053/ALS_Final_Project/student/work/frontend_source_parallel_round76_20260613_1706/sub-fp8-mid-r76/ex240/aigs/ex240_r76_compact_cancel_predicate_mux.aig,,/home/b10507053/ALS_Final_Project/student/work/frontend_source_parallel_round76_20260613_1706/sub-fp8-mid-r76/ex240/logs/ex240_r76_compact_cancel_predicate_mux.evaluate.py.log,,1,,650,47,30550,13299,,,,,0,compact cancellation predicates with same/diff active muxing,,,1,student/frontend_campaigns/campaigns/frontend_source_parallel_round76_20260613_1706/agent_shards/sub-fp8-mid-r76/candidates.csv,compact_cancel_predicate_mux,/home/b10507053/ALS_Final_Project/student/work/frontend_source_parallel_round76_20260613_1706/sub-fp8-mid-r76/ex240/eval/ex240_r76_compact_cancel_predicate_mux/ex240.aig,21046,26230,0,0,,,,,,,
,,sub-fp8-mid-r76,ex245,,ex245_r76_gap_class_semantic,,E5M2FN add high byte plus low byte,,,,,ex245|round76_frontend_source|gap_class_semantic|small-gap class formula using ordered_abs; gap; same_sign; saturation boundary|repo_yosys_frontend_default|official_evaluate|full_word,/home/b10507053/ALS_Final_Project/student/work/frontend_source_parallel_round76_20260613_1706/sub-fp8-mid-r76/ex245/verilog/ex245_r76_gap_class_semantic.v,/home/b10507053/ALS_Final_Project/student/work/frontend_source_parallel_round76_20260613_1706/sub-fp8-mid-r76/ex245/aigs/ex245_r76_gap_class_semantic.aig,,/home/b10507053/ALS_Final_Project/student/work/frontend_source_parallel_round76_20260613_1706/sub-fp8-mid-r76/ex245/logs/ex245_r76_gap_class_semantic.evaluate.py.log,,1,,734,35,25690,11050,,,,,0,"small-gap class formula using ordered_abs, gap, same_sign, saturation boundary",,,1,student/frontend_campaigns/campaigns/frontend_source_parallel_round76_20260613_1706/agent_shards/sub-fp8-mid-r76/candidates.csv,gap_class_semantic,/home/b10507053/ALS_Final_Project/student/work/frontend_source_parallel_round76_20260613_1706/sub-fp8-mid-r76/ex245/eval/ex245_r76_gap_class_semantic/ex245.aig,17319,22077,0,0,,,,,,,
,,sub-fp8-mid-r76,ex245,,ex245_r76_gap4_normalizer_semantic,,E5M2FN add high byte plus low byte,,,,,ex245|round76_frontend_source|gap4_normalizer_semantic|gap-limited local normalizer over shared sorted sign/magnitude fields|repo_yosys_frontend_default|official_evaluate|full_word,/home/b10507053/ALS_Final_Project/student/work/frontend_source_parallel_round76_20260613_1706/sub-fp8-mid-r76/ex245/verilog/ex245_r76_gap4_normalizer_semantic.v,/home/b10507053/ALS_Final_Project/student/work/frontend_source_parallel_round76_20260613_1706/sub-fp8-mid-r76/ex245/aigs/ex245_r76_gap4_normalizer_semantic.aig,,/home/b10507053/ALS_Final_Project/student/work/frontend_source_parallel_round76_20260613_1706/sub-fp8-mid-r76/ex245/logs/ex245_r76_gap4_normalizer_semantic.evaluate.py.log,,1,,613,71,43523,11050,,,,,0,gap-limited local normalizer over shared sorted sign/magnitude fields,,,1,student/frontend_campaigns/campaigns/frontend_source_parallel_round76_20260613_1706/agent_shards/sub-fp8-mid-r76/candidates.csv,gap4_normalizer_semantic,/home/b10507053/ALS_Final_Project/student/work/frontend_source_parallel_round76_20260613_1706/sub-fp8-mid-r76/ex245/eval/ex245_r76_gap4_normalizer_semantic/ex245.aig,17319,22077,0,0,,,,,,,
,,sub-fp8-worst-r76,ex247,,ex247_r76_field_pair_div_case,,E5M2FN low-over-high division can be represented by sign and magnitude field pair,one vector case over sign-xor numerator magnitude and denominator magnitude,,shared sign xor numerator/denominator magnitude descriptor,,ex247|E5M2FN_low-over-high_division_can_be_represented_by_sign_and_magnitude_field_pair|one_vector_case_over_sign-xor_numerator_magnitude_and_denominator_magnitude|shared_sign_xor_numerator/denominator_magnitude_descriptor|repo_yosys_frontend_default|exact_e5m2fn_div_low_over_high|full_word,student/work/frontend_source_parallel_round76_20260613_1706/sub-fp8-worst-r76/ex247/verilog/ex247_r76_field_pair_div_case.v,student/work/frontend_source_parallel_round76_20260613_1706/sub-fp8-worst-r76/ex247/aigs/ex247_r76_field_pair_div_case.aig,,student/work/frontend_source_parallel_round76_20260613_1706/sub-fp8-worst-r76/ex247/logs/ex247_r76_field_pair_div_case.evaluate.py.log,OK,,,4367,23,100441,,,,,,,unique_keys=32768; Total ADP over equivalent cases: 100441,,,,student/frontend_campaigns/campaigns/frontend_source_parallel_round76_20260613_1706/agent_shards/sub-fp8-worst-r76/candidates.csv,r76_field_pair_div_case,,,,,,,,,,,,
,,sub-fp8-worst-r76,ex247,,ex247_r76_exp_delta_sigratio_desc,,E5M2FN division output is driven by exponent delta and significand ratio,one vector case over special flags exponent delta and sig ratio,,shared special shell sign xor exponent delta numerator/denominator sig descriptor,,ex247|E5M2FN_division_output_is_driven_by_exponent_delta_and_significand_ratio|one_vector_case_over_special_flags_exponent_delta_and_sig_ratio|shared_special_shell_sign_xor_exponent_delta_numerator/denominator_sig_descriptor|repo_yosys_frontend_default|exact_e5m2fn_div_low_over_high|full_word,student/work/frontend_source_parallel_round76_20260613_1706/sub-fp8-worst-r76/ex247/verilog/ex247_r76_exp_delta_sigratio_desc.v,student/work/frontend_source_parallel_round76_20260613_1706/sub-fp8-worst-r76/ex247/aigs/ex247_r76_exp_delta_sigratio_desc.aig,,student/work/frontend_source_parallel_round76_20260613_1706/sub-fp8-worst-r76/ex247/logs/ex247_r76_exp_delta_sigratio_desc.evaluate.py.log,OK,,,1809,30,54270,,,,,,,unique_keys=4446; Total ADP over equivalent cases: 54270,,,,student/frontend_campaigns/campaigns/frontend_source_parallel_round76_20260613_1706/agent_shards/sub-fp8-worst-r76/candidates.csv,r76_exp_delta_sigratio_desc,,,,,,,,,,,,
,,sub-fp8-worst-r76,ex246,,ex246_r76_field_pair_product_case,,E5M2FN multiply can be represented by signed magnitude field pair,one vector case over sign-xor and two 7-bit magnitudes,,shared sign xor and magnitude-pair descriptor,,ex246|E5M2FN_multiply_can_be_represented_by_signed_magnitude_field_pair|one_vector_case_over_sign-xor_and_two_7-bit_magnitudes|shared_sign_xor_and_magnitude-pair_descriptor|repo_yosys_frontend_default|exact_e5m2fn_mul_high_times_low|full_word,student/work/frontend_source_parallel_round76_20260613_1706/sub-fp8-worst-r76/ex246/verilog/ex246_r76_field_pair_product_case.v,student/work/frontend_source_parallel_round76_20260613_1706/sub-fp8-worst-r76/ex246/aigs/ex246_r76_field_pair_product_case.aig,,student/work/frontend_source_parallel_round76_20260613_1706/sub-fp8-worst-r76/ex246/logs/ex246_r76_field_pair_product_case.evaluate.py.log,OK,,,3553,21,74613,,,,,,,unique_keys=32768; Total ADP over equivalent cases: 74613,,,,student/frontend_campaigns/campaigns/frontend_source_parallel_round76_20260613_1706/agent_shards/sub-fp8-worst-r76/candidates.csv,r76_field_pair_product_case,,,,,,,,,,,,
,,sub-fp8-worst-r76,ex246,,ex246_r76_exp_sum_sigprod_desc,,E5M2FN multiply output is driven by exponent sum and significand product,one vector case over special flags exponent-sum and sig-product,,shared special shell sign xor exponent sum and product descriptor,,ex246|E5M2FN_multiply_output_is_driven_by_exponent_sum_and_significand_product|one_vector_case_over_special_flags_exponent-sum_and_sig-product|shared_special_shell_sign_xor_exponent_sum_and_product_descriptor|repo_yosys_frontend_default|exact_e5m2fn_mul_high_times_low|full_word,student/work/frontend_source_parallel_round76_20260613_1706/sub-fp8-worst-r76/ex246/verilog/ex246_r76_exp_sum_sigprod_desc.v,student/work/frontend_source_parallel_round76_20260613_1706/sub-fp8-worst-r76/ex246/aigs/ex246_r76_exp_sum_sigprod_desc.aig,,student/work/frontend_source_parallel_round76_20260613_1706/sub-fp8-worst-r76/ex246/logs/ex246_r76_exp_sum_sigprod_desc.evaluate.py.log,OK,,,1394,32,44608,,,,,,,unique_keys=2530; Total ADP over equivalent cases: 44608,,,,student/frontend_campaigns/campaigns/frontend_source_parallel_round76_20260613_1706/agent_shards/sub-fp8-worst-r76/candidates.csv,r76_exp_sum_sigprod_desc,,,,,,,,,,,,
,,sub-fp8-worst-r76,ex244,,ex244_r76_field_pair_magcase,,E4M3FN hypot can be represented by sorted finite magnitudes,one vector case over sorted 7-bit magnitude pair,,sign-free sorted magnitude descriptor shared by all output bits,,ex244|E4M3FN_hypot_can_be_represented_by_sorted_finite_magnitudes|one_vector_case_over_sorted_7-bit_magnitude_pair|sign-free_sorted_magnitude_descriptor_shared_by_all_output_bits|repo_yosys_frontend_default|exact_e4m3fn_hypot_abs_high_low|full_word,student/work/frontend_source_parallel_round76_20260613_1706/sub-fp8-worst-r76/ex244/verilog/ex244_r76_field_pair_magcase.v,student/work/frontend_source_parallel_round76_20260613_1706/sub-fp8-worst-r76/ex244/aigs/ex244_r76_field_pair_magcase.aig,,student/work/frontend_source_parallel_round76_20260613_1706/sub-fp8-worst-r76/ex244/logs/ex244_r76_field_pair_magcase.evaluate.py.log,OK,,,1926,30,57780,,,,,,,unique_keys=8256; Total ADP over equivalent cases: 57780,,,,student/frontend_campaigns/campaigns/frontend_source_parallel_round76_20260613_1706/agent_shards/sub-fp8-worst-r76/candidates.csv,r76_field_pair_magcase,,,,,,,,,,,,
,,sub-fp8-worst-r76,ex244,,ex244_r76_maxeff_gap_sig_desc,,E4M3FN hypot delta depends on max_eff gap and significand pair,one vector case over max_eff/gap/sig descriptor,,shared max/min decode with max_eff saturation context,,ex244|E4M3FN_hypot_delta_depends_on_max_eff_gap_and_significand_pair|one_vector_case_over_max_eff/gap/sig_descriptor|shared_max/min_decode_with_max_eff_saturation_context|repo_yosys_frontend_default|exact_e4m3fn_hypot_abs_high_low|full_word,student/work/frontend_source_parallel_round76_20260613_1706/sub-fp8-worst-r76/ex244/verilog/ex244_r76_maxeff_gap_sig_desc.v,student/work/frontend_source_parallel_round76_20260613_1706/sub-fp8-worst-r76/ex244/aigs/ex244_r76_maxeff_gap_sig_desc.aig,,student/work/frontend_source_parallel_round76_20260613_1706/sub-fp8-worst-r76/ex244/logs/ex244_r76_maxeff_gap_sig_desc.evaluate.py.log,OK,,,1487,36,53532,,,,,,,unique_keys=8256; Total ADP over equivalent cases: 53532,,,,student/frontend_campaigns/campaigns/frontend_source_parallel_round76_20260613_1706/agent_shards/sub-fp8-worst-r76/candidates.csv,r76_maxeff_gap_sig_desc,,,,,,,,,,,,
round76,frontend_source_parallel_round76_20260613_1706,sub-integer-r76,ex260,integer,ex260_r76_sign_precond_booth_absb_abc_g_aig,signed_preconditioned_booth,signed low4*high4 can share negate/correction by preconditioning only the high operand sign,high operand sign-preconditioned Booth-like shifted rows,"shared a sign extension, high-operand magnitude rows, and one final conditional negate","shared a sign extension, high-operand magnitude rows, and one final conditional negate",abc_g_aig,"ex260|signed low4*high4 can share negate/correction by preconditioning only the high operand sign|high operand sign-preconditioned Booth-like shifted rows|shared a sign extension, high-operand magnitude rows, and one final conditional negate|abc_g_aig|signed_low4_high4_multiply|full_word",student/work/frontend_source_parallel_round76_20260613_1706/sub-integer-r76/ex260/verilog/ex260_r76_sign_precond_booth_absb.v,student/work/frontend_source_parallel_round76_20260613_1706/sub-integer-r76/ex260/aigs/ex260_r76_sign_precond_booth_absb_abc_g_aig.aig,student/work/frontend_source_parallel_round76_20260613_1706/sub-integer-r76/ex260/logs/ex260_r76_sign_precond_booth_absb_abc_g_aig.yosys.log,student/work/frontend_source_parallel_round76_20260613_1706/sub-integer-r76/ex260/logs/ex260_r76_sign_precond_booth_absb_abc_g_aig.evaluate.py.log,OK,1,pass,102,22,2244,657,1066,1144,0,0,0,official evaluate.py OK 102/22/2244; frontend_best=1144; current=1066; reference=657,,,,student/frontend_campaigns/campaigns/frontend_source_parallel_round76_20260613_1706/agent_shards/sub-integer-r76/candidates.csv,,,,,,,,,,,,,
round76,frontend_source_parallel_round76_20260613_1706,sub-integer-r76,ex260,integer,ex260_r76_sign_precond_booth_absb_synth_preset_d13,signed_preconditioned_booth,signed low4*high4 can share negate/correction by preconditioning only the high operand sign,high operand sign-preconditioned Booth-like shifted rows,"shared a sign extension, high-operand magnitude rows, and one final conditional negate","shared a sign extension, high-operand magnitude rows, and one final conditional negate",synth_preset_d13,"ex260|signed low4*high4 can share negate/correction by preconditioning only the high operand sign|high operand sign-preconditioned Booth-like shifted rows|shared a sign extension, high-operand magnitude rows, and one final conditional negate|synth_preset_d13|signed_low4_high4_multiply|full_word",student/work/frontend_source_parallel_round76_20260613_1706/sub-integer-r76/ex260/verilog/ex260_r76_sign_precond_booth_absb.v,student/work/frontend_source_parallel_round76_20260613_1706/sub-integer-r76/ex260/aigs/ex260_r76_sign_precond_booth_absb_synth_preset_d13.aig,student/work/frontend_source_parallel_round76_20260613_1706/sub-integer-r76/ex260/logs/ex260_r76_sign_precond_booth_absb_synth_preset_d13.yosys.log,student/work/frontend_source_parallel_round76_20260613_1706/sub-integer-r76/ex260/logs/ex260_r76_sign_precond_booth_absb_synth_preset_d13.evaluate.py.log,OK,1,pass,106,20,2120,657,1066,1144,0,0,0,official evaluate.py OK 106/20/2120; frontend_best=1144; current=1066; reference=657,,,,student/frontend_campaigns/campaigns/frontend_source_parallel_round76_20260613_1706/agent_shards/sub-integer-r76/candidates.csv,,,,,,,,,,,,,
round76,frontend_source_parallel_round76_20260613_1706,sub-integer-r76,ex260,integer,ex260_r76_weighted_rows_csa_reuse_abc_g_aig,signed_bit_sliced_compressor,signed low4*high4 can expose reusable common carries from weighted signed rows,two's-complement weighted rows compressed by explicit 3:2 carry-save slice,shared row0-row2 sum/carry wires reused before adding the negative sign row,shared row0-row2 sum/carry wires reused before adding the negative sign row,abc_g_aig,ex260|signed low4*high4 can expose reusable common carries from weighted signed rows|two's-complement weighted rows compressed by explicit 3:2 carry-save slice|shared row0-row2 sum/carry wires reused before adding the negative sign row|abc_g_aig|signed_low4_high4_multiply|full_word,student/work/frontend_source_parallel_round76_20260613_1706/sub-integer-r76/ex260/verilog/ex260_r76_weighted_rows_csa_reuse.v,student/work/frontend_source_parallel_round76_20260613_1706/sub-integer-r76/ex260/aigs/ex260_r76_weighted_rows_csa_reuse_abc_g_aig.aig,student/work/frontend_source_parallel_round76_20260613_1706/sub-integer-r76/ex260/logs/ex260_r76_weighted_rows_csa_reuse_abc_g_aig.yosys.log,student/work/frontend_source_parallel_round76_20260613_1706/sub-integer-r76/ex260/logs/ex260_r76_weighted_rows_csa_reuse_abc_g_aig.evaluate.py.log,OK,1,pass,102,18,1836,657,1066,1144,0,0,0,official evaluate.py OK 102/18/1836; frontend_best=1144; current=1066; reference=657,,,,student/frontend_campaigns/campaigns/frontend_source_parallel_round76_20260613_1706/agent_shards/sub-integer-r76/candidates.csv,,,,,,,,,,,,,
round76,frontend_source_parallel_round76_20260613_1706,sub-integer-r76,ex260,integer,ex260_r76_weighted_rows_csa_reuse_synth_preset_d13,signed_bit_sliced_compressor,signed low4*high4 can expose reusable common carries from weighted signed rows,two's-complement weighted rows compressed by explicit 3:2 carry-save slice,shared row0-row2 sum/carry wires reused before adding the negative sign row,shared row0-row2 sum/carry wires reused before adding the negative sign row,synth_preset_d13,ex260|signed low4*high4 can expose reusable common carries from weighted signed rows|two's-complement weighted rows compressed by explicit 3:2 carry-save slice|shared row0-row2 sum/carry wires reused before adding the negative sign row|synth_preset_d13|signed_low4_high4_multiply|full_word,student/work/frontend_source_parallel_round76_20260613_1706/sub-integer-r76/ex260/verilog/ex260_r76_weighted_rows_csa_reuse.v,student/work/frontend_source_parallel_round76_20260613_1706/sub-integer-r76/ex260/aigs/ex260_r76_weighted_rows_csa_reuse_synth_preset_d13.aig,student/work/frontend_source_parallel_round76_20260613_1706/sub-integer-r76/ex260/logs/ex260_r76_weighted_rows_csa_reuse_synth_preset_d13.yosys.log,student/work/frontend_source_parallel_round76_20260613_1706/sub-integer-r76/ex260/logs/ex260_r76_weighted_rows_csa_reuse_synth_preset_d13.evaluate.py.log,OK,1,pass,117,15,1755,657,1066,1144,0,0,0,official evaluate.py OK 117/15/1755; frontend_best=1144; current=1066; reference=657,,,,student/frontend_campaigns/campaigns/frontend_source_parallel_round76_20260613_1706/agent_shards/sub-integer-r76/candidates.csv,,,,,,,,,,,,,
round76,frontend_source_parallel_round76_20260613_1706,sub-integer-r76,ex266,integer,ex266_r76_region_prefix_compare_abc_g_aig,udiv_region_prefix_comparator,unsigned 5x5 division has high-denominator regions that can share quotient threshold prefixes,denominator high-bit decision tree with region-limited shifted-divisor comparisons,shared aw/bw prefixes and selected quotient-bit comparator thresholds per denominator region,shared aw/bw prefixes and selected quotient-bit comparator thresholds per denominator region,abc_g_aig,ex266|unsigned 5x5 division has high-denominator regions that can share quotient threshold prefixes|denominator high-bit decision tree with region-limited shifted-divisor comparisons|shared aw/bw prefixes and selected quotient-bit comparator thresholds per denominator region|abc_g_aig|unsigned_low5_high5_div_dbz_sat|full_word,student/work/frontend_source_parallel_round76_20260613_1706/sub-integer-r76/ex266/verilog/ex266_r76_region_prefix_compare.v,student/work/frontend_source_parallel_round76_20260613_1706/sub-integer-r76/ex266/aigs/ex266_r76_region_prefix_compare_abc_g_aig.aig,student/work/frontend_source_parallel_round76_20260613_1706/sub-integer-r76/ex266/logs/ex266_r76_region_prefix_compare_abc_g_aig.yosys.log,student/work/frontend_source_parallel_round76_20260613_1706/sub-integer-r76/ex266/logs/ex266_r76_region_prefix_compare_abc_g_aig.evaluate.py.log,OK,1,pass,256,17,4352,848,1296,1480,0,0,0,official evaluate.py OK 256/17/4352; frontend_best=1480; current=1296; reference=848,,,,student/frontend_campaigns/campaigns/frontend_source_parallel_round76_20260613_1706/agent_shards/sub-integer-r76/candidates.csv,,,,,,,,,,,,,
round76,frontend_source_parallel_round76_20260613_1706,sub-integer-r76,ex266,integer,ex266_r76_region_prefix_compare_synth_preset_d10,udiv_region_prefix_comparator,unsigned 5x5 division has high-denominator regions that can share quotient threshold prefixes,denominator high-bit decision tree with region-limited shifted-divisor comparisons,shared aw/bw prefixes and selected quotient-bit comparator thresholds per denominator region,shared aw/bw prefixes and selected quotient-bit comparator thresholds per denominator region,synth_preset_d10,ex266|unsigned 5x5 division has high-denominator regions that can share quotient threshold prefixes|denominator high-bit decision tree with region-limited shifted-divisor comparisons|shared aw/bw prefixes and selected quotient-bit comparator thresholds per denominator region|synth_preset_d10|unsigned_low5_high5_div_dbz_sat|full_word,student/work/frontend_source_parallel_round76_20260613_1706/sub-integer-r76/ex266/verilog/ex266_r76_region_prefix_compare.v,student/work/frontend_source_parallel_round76_20260613_1706/sub-integer-r76/ex266/aigs/ex266_r76_region_prefix_compare_synth_preset_d10.aig,student/work/frontend_source_parallel_round76_20260613_1706/sub-integer-r76/ex266/logs/ex266_r76_region_prefix_compare_synth_preset_d10.yosys.log,student/work/frontend_source_parallel_round76_20260613_1706/sub-integer-r76/ex266/logs/ex266_r76_region_prefix_compare_synth_preset_d10.evaluate.py.log,OK,1,pass,239,18,4302,848,1296,1480,0,0,0,official evaluate.py OK 239/18/4302; frontend_best=1480; current=1296; reference=848,,,,student/frontend_campaigns/campaigns/frontend_source_parallel_round76_20260613_1706/agent_shards/sub-integer-r76/candidates.csv,,,,,,,,,,,,,
round76,frontend_source_parallel_round76_20260613_1706,sub-integer-r76,ex266,integer,ex266_r76_hi_cell_residual_lut_abc_g_aig,udiv_high_cell_residual,unsigned 5x5 division can split on denominator high bits and numerator top bits with tiny residual cells,decision tree over b[4:3] and a[4:3] with local residual truth cells over low bits,shared high-cell selector with compact residual quotient constants per ambiguous cell,shared high-cell selector with compact residual quotient constants per ambiguous cell,abc_g_aig,ex266|unsigned 5x5 division can split on denominator high bits and numerator top bits with tiny residual cells|decision tree over b[4:3] and a[4:3] with local residual truth cells over low bits|shared high-cell selector with compact residual quotient constants per ambiguous cell|abc_g_aig|unsigned_low5_high5_div_dbz_sat|full_word,student/work/frontend_source_parallel_round76_20260613_1706/sub-integer-r76/ex266/verilog/ex266_r76_hi_cell_residual_lut.v,student/work/frontend_source_parallel_round76_20260613_1706/sub-integer-r76/ex266/aigs/ex266_r76_hi_cell_residual_lut_abc_g_aig.aig,student/work/frontend_source_parallel_round76_20260613_1706/sub-integer-r76/ex266/logs/ex266_r76_hi_cell_residual_lut_abc_g_aig.yosys.log,student/work/frontend_source_parallel_round76_20260613_1706/sub-integer-r76/ex266/logs/ex266_r76_hi_cell_residual_lut_abc_g_aig.evaluate.py.log,OK,1,pass,159,11,1749,848,1296,1480,0,0,0,official evaluate.py OK 159/11/1749; frontend_best=1480; current=1296; reference=848,,,,student/frontend_campaigns/campaigns/frontend_source_parallel_round76_20260613_1706/agent_shards/sub-integer-r76/candidates.csv,,,,,,,,,,,,,
round76,frontend_source_parallel_round76_20260613_1706,sub-integer-r76,ex266,integer,ex266_r76_hi_cell_residual_lut_synth_preset_d10,udiv_high_cell_residual,unsigned 5x5 division can split on denominator high bits and numerator top bits with tiny residual cells,decision tree over b[4:3] and a[4:3] with local residual truth cells over low bits,shared high-cell selector with compact residual quotient constants per ambiguous cell,shared high-cell selector with compact residual quotient constants per ambiguous cell,synth_preset_d10,ex266|unsigned 5x5 division can split on denominator high bits and numerator top bits with tiny residual cells|decision tree over b[4:3] and a[4:3] with local residual truth cells over low bits|shared high-cell selector with compact residual quotient constants per ambiguous cell|synth_preset_d10|unsigned_low5_high5_div_dbz_sat|full_word,student/work/frontend_source_parallel_round76_20260613_1706/sub-integer-r76/ex266/verilog/ex266_r76_hi_cell_residual_lut.v,student/work/frontend_source_parallel_round76_20260613_1706/sub-integer-r76/ex266/aigs/ex266_r76_hi_cell_residual_lut_synth_preset_d10.aig,student/work/frontend_source_parallel_round76_20260613_1706/sub-integer-r76/ex266/logs/ex266_r76_hi_cell_residual_lut_synth_preset_d10.yosys.log,student/work/frontend_source_parallel_round76_20260613_1706/sub-integer-r76/ex266/logs/ex266_r76_hi_cell_residual_lut_synth_preset_d10.evaluate.py.log,OK,1,pass,148,11,1628,848,1296,1480,0,0,0,official evaluate.py OK 148/11/1628; frontend_best=1480; current=1296; reference=848,,,,student/frontend_campaigns/campaigns/frontend_source_parallel_round76_20260613_1706/agent_shards/sub-integer-r76/candidates.csv,,,,,,,,,,,,,
,,sub-unknown-r76,ex285,,ex285_r76_swap45_tree_current,,hamming_weight_route_input_swap_invariant,swap45_wrapper_current_decision_tree,,,,ex285|hamming_weight_route_input_swap_invariant|swap45_wrapper_current_decision_tree|reuse exact input-swap invariant before the current tree body|yosys_internal_abc_g_aig|official_evaluate|full_word,student/work/frontend_source_parallel_round76_20260613_1706/sub-unknown-r76/ex285/verilog/ex285_r76_swap45_tree_current.v,student/work/frontend_source_parallel_round76_20260613_1706/sub-unknown-r76/ex285/aigs/ex285_r76_swap45_tree_current.aig,,,,1,,805,17,13685,,,,,,,Tests exact swap-invariance as a source wrapper rather than repeating r75 edge-route output grafts.,,,,student/frontend_campaigns/campaigns/frontend_source_parallel_round76_20260613_1706/agent_shards/sub-unknown-r76/candidates.csv,,,,,,,reuse exact input-swap invariant before the current tree body,full_word,OK,student/work/frontend_source_parallel_round76_20260613_1706/sub-unknown-r76/ex285/logs/ex285_r76_swap45_tree_current.yosys_synth.log,student/work/frontend_source_parallel_round76_20260613_1706/sub-unknown-r76/ex285/logs/ex285_r76_swap45_tree_current.evaluate.py.log,8.275,0.195
,,sub-unknown-r76,ex285,,ex285_r76_highsplit_baseline_control,,hamming_weight_route_split_descriptor_control,high_split_default_control_source,,,,"ex285|hamming_weight_route_split_descriptor_control|high_split_default_control_source|shared high-bit split default source, no selected-bit grafts|yosys_internal_abc_g_aig|official_evaluate|full_word",student/work/frontend_source_parallel_round76_20260613_1706/sub-unknown-r76/ex285/verilog/ex285_r76_highsplit_baseline_control.v,student/work/frontend_source_parallel_round76_20260613_1706/sub-unknown-r76/ex285/aigs/ex285_r76_highsplit_baseline_control.aig,,,,1,,3348,16,53568,,,,,,,Control family for split/default source behavior; materially different from swap/tree and r75 route-bit overlays.,,,,student/frontend_campaigns/campaigns/frontend_source_parallel_round76_20260613_1706/agent_shards/sub-unknown-r76/candidates.csv,,,,,,,"shared high-bit split default source, no selected-bit grafts",full_word,OK,student/work/frontend_source_parallel_round76_20260613_1706/sub-unknown-r76/ex285/logs/ex285_r76_highsplit_baseline_control.yosys_synth.log,student/work/frontend_source_parallel_round76_20260613_1706/sub-unknown-r76/ex285/logs/ex285_r76_highsplit_baseline_control.evaluate.py.log,1.766,0.210
,,sub-unknown-r76,ex288,,ex288_r76_swap456789_keybdd,,hamming_weight_route_multipair_input_swap_invariant,swap45_67_89_wrapper_keybdd,,,,ex288|hamming_weight_route_multipair_input_swap_invariant|swap45_67_89_wrapper_keybdd|reuse exact three-pair input-swap invariants before key-BDD selected source|yosys_internal_abc_g_aig|official_evaluate|full_word,student/work/frontend_source_parallel_round76_20260613_1706/sub-unknown-r76/ex288/verilog/ex288_r76_swap456789_keybdd.v,student/work/frontend_source_parallel_round76_20260613_1706/sub-unknown-r76/ex288/aigs/ex288_r76_swap456789_keybdd.aig,,,,1,,2267,15,34005,,,,,,,Area-reduction probe around the active low-delay key-BDD source; not a keybdd_symcof_edge_bits replay.,,,,student/frontend_campaigns/campaigns/frontend_source_parallel_round76_20260613_1706/agent_shards/sub-unknown-r76/candidates.csv,,,,,,,reuse exact three-pair input-swap invariants before key-BDD selected source,full_word,OK,student/work/frontend_source_parallel_round76_20260613_1706/sub-unknown-r76/ex288/logs/ex288_r76_swap456789_keybdd.yosys_synth.log,student/work/frontend_source_parallel_round76_20260613_1706/sub-unknown-r76/ex288/logs/ex288_r76_swap456789_keybdd.evaluate.py.log,2.201,0.622
,,sub-unknown-r76,ex288,,ex288_r76_rotate_highsplit_control,,hamming_weight_route_rotated_split_control,rotate_high_split_default_control_source,,,,"ex288|hamming_weight_route_rotated_split_control|rotate_high_split_default_control_source|rotated split/default source, no key-BDD or output-root grafts|yosys_internal_abc_g_aig|official_evaluate|full_word",student/work/frontend_source_parallel_round76_20260613_1706/sub-unknown-r76/ex288/verilog/ex288_r76_rotate_highsplit_control.v,student/work/frontend_source_parallel_round76_20260613_1706/sub-unknown-r76/ex288/aigs/ex288_r76_rotate_highsplit_control.aig,,,,1,,4327,16,69232,,,,,,,"Control family for non-key-BDD split behavior, included as a second materially different hypothesis family.",,,,student/frontend_campaigns/campaigns/frontend_source_parallel_round76_20260613_1706/agent_shards/sub-unknown-r76/candidates.csv,,,,,,,"rotated split/default source, no key-BDD or output-root grafts",full_word,OK,student/work/frontend_source_parallel_round76_20260613_1706/sub-unknown-r76/ex288/logs/ex288_r76_rotate_highsplit_control.yosys_synth.log,student/work/frontend_source_parallel_round76_20260613_1706/sub-unknown-r76/ex288/logs/ex288_r76_rotate_highsplit_control.evaluate.py.log,10.768,0.640
,,sub-unknown-r76,ex297,,ex297_r76_fixed_phase_rotate_pairsel,,cyclic_2bit_fixed_phase_equivariance,fixed_one_cell_rotate_wrapper_on_pairsel_template,,,,ex297|cyclic_2bit_fixed_phase_equivariance|fixed_one_cell_rotate_wrapper_on_pairsel_template|uses proven even-cell rotation equivariance instead of unconditional selector-cluster substitution|yosys_internal_abc_g_aig|official_evaluate|cell_pair_outputs,student/work/frontend_source_parallel_round76_20260613_1706/sub-unknown-r76/ex297/verilog/ex297_r76_fixed_phase_rotate_pairsel.v,student/work/frontend_source_parallel_round76_20260613_1706/sub-unknown-r76/ex297/aigs/ex297_r76_fixed_phase_rotate_pairsel.aig,,,,1,,26588,19,505172,,,,,,,Tests fixed-phase rotation reuse around the current pairsel template; not an r75 selector-cluster graft.,,,,student/frontend_campaigns/campaigns/frontend_source_parallel_round76_20260613_1706/agent_shards/sub-unknown-r76/candidates.csv,,,,,,,uses proven even-cell rotation equivariance instead of unconditional selector-cluster substitution,cell_pair_outputs,OK,student/work/frontend_source_parallel_round76_20260613_1706/sub-unknown-r76/ex297/logs/ex297_r76_fixed_phase_rotate_pairsel.yosys_synth.log,student/work/frontend_source_parallel_round76_20260613_1706/sub-unknown-r76/ex297/logs/ex297_r76_fixed_phase_rotate_pairsel.evaluate.py.log,25.190,0.788
,,sub-unknown-r76,ex297,,ex297_r76_r74_pairxor_control,,cyclic_2bit_pairxor_celllocal_control,pairxor_celllocal_mix_control_source,,,,ex297|cyclic_2bit_pairxor_celllocal_control|pairxor_celllocal_mix_control_source|pair-xor and cell-local root sharing from a non-r75 source|yosys_internal_abc_g_aig|official_evaluate|cell_pair_outputs,student/work/frontend_source_parallel_round76_20260613_1706/sub-unknown-r76/ex297/verilog/ex297_r76_r74_pairxor_control.v,student/work/frontend_source_parallel_round76_20260613_1706/sub-unknown-r76/ex297/aigs/ex297_r76_r74_pairxor_control.aig,,,,1,,26614,18,479052,,,,,,,Control family distinct from the fixed-phase wrapper and from r75 unconditional selector-cluster substitutions.,,,,student/frontend_campaigns/campaigns/frontend_source_parallel_round76_20260613_1706/agent_shards/sub-unknown-r76/candidates.csv,,,,,,,pair-xor and cell-local root sharing from a non-r75 source,cell_pair_outputs,OK,student/work/frontend_source_parallel_round76_20260613_1706/sub-unknown-r76/ex297/logs/ex297_r76_r74_pairxor_control.yosys_synth.log,student/work/frontend_source_parallel_round76_20260613_1706/sub-unknown-r76/ex297/logs/ex297_r76_r74_pairxor_control.evaluate.py.log,46.811,0.819
,,sub-unknown-r76,ex299,,ex299_r76_fixed_phase_rotate_sel2_static,,cyclic_2bit_fixed_phase_equivariance,fixed_one_cell_rotate_wrapper_on_sel2_static_source,,,,ex299|cyclic_2bit_fixed_phase_equivariance|fixed_one_cell_rotate_wrapper_on_sel2_static_source|uses proven even-cell rotation equivariance around latest source; no extra static bit grafts added|yosys_internal_abc_g_aig|official_evaluate|cell_pair_outputs,student/work/frontend_source_parallel_round76_20260613_1706/sub-unknown-r76/ex299/verilog/ex299_r76_fixed_phase_rotate_sel2_static.v,student/work/frontend_source_parallel_round76_20260613_1706/sub-unknown-r76/ex299/aigs/ex299_r76_fixed_phase_rotate_sel2_static.aig,,,,1,,98849,20,1976980,,,,,,,Checks whether fixed-phase wrapping changes source synthesis around the latest best without repeating the r75 static graft as-is.,,,,student/frontend_campaigns/campaigns/frontend_source_parallel_round76_20260613_1706/agent_shards/sub-unknown-r76/candidates.csv,,,,,,,uses proven even-cell rotation equivariance around latest source; no extra static bit grafts added,cell_pair_outputs,OK,student/work/frontend_source_parallel_round76_20260613_1706/sub-unknown-r76/ex299/logs/ex299_r76_fixed_phase_rotate_sel2_static.yosys_synth.log,student/work/frontend_source_parallel_round76_20260613_1706/sub-unknown-r76/ex299/logs/ex299_r76_fixed_phase_rotate_sel2_static.evaluate.py.log,141.615,4.994
,,sub-unknown-r76,ex299,,ex299_r76_r74_pairxor_control,,cyclic_2bit_pairxor_pairsel_control,pairxor_pairsel_mix_control_source,,,,ex299|cyclic_2bit_pairxor_pairsel_control|pairxor_pairsel_mix_control_source|pair-xor and pairsel root sharing from a non-r75 source|yosys_internal_abc_g_aig|official_evaluate|cell_pair_outputs,student/work/frontend_source_parallel_round76_20260613_1706/sub-unknown-r76/ex299/verilog/ex299_r76_r74_pairxor_control.v,student/work/frontend_source_parallel_round76_20260613_1706/sub-unknown-r76/ex299/aigs/ex299_r76_r74_pairxor_control.aig,,,,1,,98923,20,1978460,,,,,,,Second family distinct from fixed-phase latest-source wrapping and not the r75 uncond lowtail/static replay.,,,,student/frontend_campaigns/campaigns/frontend_source_parallel_round76_20260613_1706/agent_shards/sub-unknown-r76/candidates.csv,,,,,,,pair-xor and pairsel root sharing from a non-r75 source,cell_pair_outputs,OK,student/work/frontend_source_parallel_round76_20260613_1706/sub-unknown-r76/ex299/logs/ex299_r76_r74_pairxor_control.yosys_synth.log,student/work/frontend_source_parallel_round76_20260613_1706/sub-unknown-r76/ex299/logs/ex299_r76_r74_pairxor_control.evaluate.py.log,221.030,5.242
