case,candidate_id,hypothesis,function_guess,variant,method_signature,verilog_path,aig_path,metadata_path,verified_truth,equivalent,official_status,area,delay,adp,reference_adp,ratio_to_reference,within_1p5_reference,beats_reference,classification,selection_reason,source_kind,source_csv,source_run,source_verilog_path,source_aig_path,source_evaluate_log,aig_sha256,verilog_sha256,notes
ex280,ex280_gf2_overlap_roots_small_roots_balanced_abc_g_aig,quartic_gf2_event_filter,,small_roots_balanced_abc_g_aig,ex280|quartic_gf2_event_filter|overlap_root_product_basis_small_roots|shared_overlapping_linear_roots_with_linear_corrections|yosys_abc_g_aig|exact_full_clamp_mux_coordinate_degree2|balanced_multi_output_root_product_xor,student/new_seeds/unknown/ex280_ex299_backend_candidates_20260614_2011/ex280/verilog/ex280_gf2_overlap_roots_small_roots_balanced_abc_g_aig.v,student/new_seeds/unknown/ex280_ex299_backend_candidates_20260614_2011/ex280/aigs/ex280_gf2_overlap_roots_small_roots_balanced_abc_g_aig.aig,student/new_seeds/unknown/ex280_ex299_backend_candidates_20260614_2011/ex280/metadata/ex280_gf2_overlap_roots_small_roots_balanced_abc_g_aig.json,1,1,OK,135,29,3915,2415,1.621118,0,0,frontend_verified,backend_start_diverse_noncurrent,frontend_campaign_shard,student/frontend_campaigns/campaigns/ex200_ex299_frontend_refgap_round2_20260612_1512/agent_shards/unknown-gf2-agent/candidates.csv,ex200_ex299_frontend_refgap_round2_20260612_1512,student/work/ex200_ex299_frontend_refgap_round2_20260612_1512/unknown-gf2-agent/ex280/verilog/ex280_gf2_overlap_roots_small_roots_balanced_abc_g_aig.v,student/work/ex200_ex299_frontend_refgap_round2_20260612_1512/unknown-gf2-agent/ex280/aigs/ex280_gf2_overlap_roots_small_roots_balanced_abc_g_aig.aig,student/work/ex200_ex299_frontend_refgap_round2_20260612_1512/unknown-gf2-agent/ex280/logs/ex280_gf2_overlap_roots_small_roots_balanced_abc_g_aig.evaluate.log,83a4228838cdeebf21f23289019cd807c5eb5b65bf60271b2e0cca202278478a,e2f1d514d65e136ef39b0a82c1f9d073ab4475beff18789df9ecb56d7297f303,coord_width=17; candidate_products=7240; unique_products=36; roots=22; selected_terms=41; linear_correction_bits=3; terms_by_bit=1:3:2:2:2:2:2:3:7:4:5:8; hash_pending=1; exact Python model over 4096 rows; hash=ec3b18668ee4
ex281,ex281_gf2_overlap_roots_mixed_roots_delaycap_balanced_linfact_abc_g_aig,quartic_gf2_event_filter,,mixed_roots_delaycap_balanced_linear_factored_abc_g_aig,ex281|quartic_gf2_event_filter|overlap_root_product_basis_mixed_roots_delaycap|shared_overlapping_linear_roots_with_factored_linear_corrections|yosys_abc_g_aig|exact_full_clamp_mux_coordinate_degree2|balanced_root_products_plus_shared_linear_correction_xor,student/new_seeds/unknown/ex280_ex299_backend_candidates_20260614_2011/ex281/verilog/ex281_gf2_overlap_roots_mixed_roots_delaycap_balanced_linfact_abc_g_aig.v,student/new_seeds/unknown/ex280_ex299_backend_candidates_20260614_2011/ex281/aigs/ex281_gf2_overlap_roots_mixed_roots_delaycap_balanced_linfact_abc_g_aig.aig,student/new_seeds/unknown/ex280_ex299_backend_candidates_20260614_2011/ex281/metadata/ex281_gf2_overlap_roots_mixed_roots_delaycap_balanced_linfact_abc_g_aig.json,1,1,OK,128,26,3328,2336,1.424658,1,0,frontend_verified,backend_start_diverse_noncurrent,frontend_campaign_shard,student/frontend_campaigns/campaigns/ex200_ex299_frontend_refgap_round3_20260612_1554/agent_shards/unknown-gf2-r3/candidates.csv,ex200_ex299_frontend_refgap_round3_20260612_1554,student/work/ex200_ex299_frontend_refgap_round3_20260612_1554/unknown-gf2-r3/ex281/verilog/ex281_gf2_overlap_roots_mixed_roots_delaycap_balanced_linfact_abc_g_aig.v,student/work/ex200_ex299_frontend_refgap_round3_20260612_1554/unknown-gf2-r3/ex281/aigs/ex281_gf2_overlap_roots_mixed_roots_delaycap_balanced_linfact_abc_g_aig.aig,student/work/ex200_ex299_frontend_refgap_round3_20260612_1554/unknown-gf2-r3/ex281/logs/ex281_gf2_overlap_roots_mixed_roots_delaycap_balanced_linfact_abc_g_aig.evaluate.log,bc773ce8013bd674109a2d9ffca0492707d0e82e28346f94a6f5e9168a5da649,17947b2e554804a7a3d217f0145e5f975cc3f1d6f568a341c4aea76ee959bb76,coord_width=18; candidate_products=20318; unique_products=25; roots=30; selected_terms=28; linear_correction_bits=13; terms_by_bit=1:1:1:1:1:1:1:1:2:4:4:4:6; linear_factored=1; scheduler=delay_capped; pool_by_bit=small:small:small:small:small:small:small:small:small:small:small:small:small; hash_pending=1; exact Python model over 8192 rows; hash=b15f5758694b
ex282,ex282_gf2_overlap_roots_small_roots_balanced_linfact_abc_g_aig,quartic_gf2_event_filter,,small_roots_balanced_linear_factored_abc_g_aig,ex282|quartic_gf2_event_filter|overlap_root_product_basis_small_roots|shared_overlapping_linear_roots_with_factored_linear_corrections|yosys_abc_g_aig|exact_full_clamp_mux_coordinate_degree2|balanced_root_products_plus_shared_linear_correction_xor,student/new_seeds/unknown/ex280_ex299_backend_candidates_20260614_2011/ex282/verilog/ex282_gf2_overlap_roots_small_roots_balanced_linfact_abc_g_aig.v,student/new_seeds/unknown/ex280_ex299_backend_candidates_20260614_2011/ex282/aigs/ex282_gf2_overlap_roots_small_roots_balanced_linfact_abc_g_aig.aig,student/new_seeds/unknown/ex280_ex299_backend_candidates_20260614_2011/ex282/metadata/ex282_gf2_overlap_roots_small_roots_balanced_linfact_abc_g_aig.json,1,1,OK,158,27,4266,2704,1.577663,0,0,frontend_verified,backend_start_diverse_noncurrent,frontend_campaign_shard,student/frontend_campaigns/campaigns/ex200_ex299_frontend_refgap_round3_20260612_1554/agent_shards/unknown-gf2-r3/candidates.csv,ex200_ex299_frontend_refgap_round3_20260612_1554,student/work/ex200_ex299_frontend_refgap_round3_20260612_1554/unknown-gf2-r3/ex282/verilog/ex282_gf2_overlap_roots_small_roots_balanced_linfact_abc_g_aig.v,student/work/ex200_ex299_frontend_refgap_round3_20260612_1554/unknown-gf2-r3/ex282/aigs/ex282_gf2_overlap_roots_small_roots_balanced_linfact_abc_g_aig.aig,student/work/ex200_ex299_frontend_refgap_round3_20260612_1554/unknown-gf2-r3/ex282/logs/ex282_gf2_overlap_roots_small_roots_balanced_linfact_abc_g_aig.evaluate.log,50a020b22fd86e3609b1698d5972bc0ad563891dcea45ba4fdeed97f0f9ad56e,75e173047ab08d7d1cfdc68c7c1b8bdad247492fbea94977ba2bb60cd6177961,coord_width=19; candidate_products=8254; unique_products=40; roots=26; selected_terms=45; linear_correction_bits=3; terms_by_bit=1:3:2:2:2:2:2:2:2:3:7:4:5:8; linear_factored=1; hash_pending=1; exact Python model over 16384 rows; hash=81f11f7f6217
ex283,ex283_gf2_overlap_roots_small_roots_balanced_abc_g_aig,quartic_gf2_event_filter,,small_roots_balanced_abc_g_aig,ex283|quartic_gf2_event_filter|overlap_root_product_basis_small_roots|shared_overlapping_linear_roots_with_linear_corrections|yosys_abc_g_aig|exact_full_clamp_mux_coordinate_degree2|balanced_multi_output_root_product_xor,student/new_seeds/unknown/ex280_ex299_backend_candidates_20260614_2011/ex283/verilog/ex283_gf2_overlap_roots_small_roots_balanced_abc_g_aig.v,student/new_seeds/unknown/ex280_ex299_backend_candidates_20260614_2011/ex283/aigs/ex283_gf2_overlap_roots_small_roots_balanced_abc_g_aig.aig,student/new_seeds/unknown/ex280_ex299_backend_candidates_20260614_2011/ex283/metadata/ex283_gf2_overlap_roots_small_roots_balanced_abc_g_aig.json,1,1,OK,161,30,4830,3168,1.524621,0,0,frontend_verified,backend_start_diverse_noncurrent,frontend_campaign_shard,student/frontend_campaigns/campaigns/ex200_ex299_frontend_refgap_round2_20260612_1512/agent_shards/unknown-gf2-agent/candidates.csv,ex200_ex299_frontend_refgap_round2_20260612_1512,student/work/ex200_ex299_frontend_refgap_round2_20260612_1512/unknown-gf2-agent/ex283/verilog/ex283_gf2_overlap_roots_small_roots_balanced_abc_g_aig.v,student/work/ex200_ex299_frontend_refgap_round2_20260612_1512/unknown-gf2-agent/ex283/aigs/ex283_gf2_overlap_roots_small_roots_balanced_abc_g_aig.aig,student/work/ex200_ex299_frontend_refgap_round2_20260612_1512/unknown-gf2-agent/ex283/logs/ex283_gf2_overlap_roots_small_roots_balanced_abc_g_aig.evaluate.log,1d0144bee276912a767e9483541e72c0c1e5154dad3429bd663a5ff7e51d8f29,ad3ca590a76f548c8a899f5bb1328c342a96077fb19fba5bb107d69efa1ac95e,coord_width=20; candidate_products=8164; unique_products=43; roots=29; selected_terms=49; linear_correction_bits=2; terms_by_bit=1:3:2:2:2:2:2:2:2:2:3:7:6:7:6; hash_pending=1; exact Python model over 32768 rows; hash=f12ea272c7fd
ex284,ex284_gf2_overlap_roots_mixed_roots_delaycap_balanced_linfact_abc_g_aig,quartic_gf2_event_filter,,mixed_roots_delaycap_balanced_linear_factored_abc_g_aig,ex284|quartic_gf2_event_filter|overlap_root_product_basis_mixed_roots_delaycap|shared_overlapping_linear_roots_with_factored_linear_corrections|yosys_abc_g_aig|exact_full_clamp_mux_coordinate_degree2|balanced_root_products_plus_shared_linear_correction_xor,student/new_seeds/unknown/ex280_ex299_backend_candidates_20260614_2011/ex284/verilog/ex284_gf2_overlap_roots_mixed_roots_delaycap_balanced_linfact_abc_g_aig.v,student/new_seeds/unknown/ex280_ex299_backend_candidates_20260614_2011/ex284/aigs/ex284_gf2_overlap_roots_mixed_roots_delaycap_balanced_linfact_abc_g_aig.aig,student/new_seeds/unknown/ex280_ex299_backend_candidates_20260614_2011/ex284/metadata/ex284_gf2_overlap_roots_mixed_roots_delaycap_balanced_linfact_abc_g_aig.json,1,1,OK,170,33,5610,4240,1.323113,1,0,frontend_verified,backend_start_diverse_noncurrent,frontend_campaign_results,student/frontend_campaigns/campaigns/ex200_ex299_frontend_refgap_round4_20260612_1705/results/candidates.csv,ex200_ex299_frontend_refgap_round4_20260612_1705,student/work/ex200_ex299_frontend_refgap_round4_20260612_1705/gf2-polish-r4/ex284/verilog/ex284_gf2_overlap_roots_mixed_roots_delaycap_balanced_linfact_abc_g_aig.v,student/work/ex200_ex299_frontend_refgap_round4_20260612_1705/gf2-polish-r4/ex284/aigs/ex284_gf2_overlap_roots_mixed_roots_delaycap_balanced_linfact_abc_g_aig.aig,student/work/ex200_ex299_frontend_refgap_round4_20260612_1705/gf2-polish-r4/ex284/logs/ex284_gf2_overlap_roots_mixed_roots_delaycap_balanced_linfact_abc_g_aig.evaluate.log,3939c93f3467561cf4204b1ad94dd5cf87483af4e4541ca6c8baedfc8c138381,b834e1fccbd0d4622bddbd3a399148ae26b2d523b877529ff8581f12cb13b06e,coord_width=21; candidate_products=25073; unique_products=31; roots=36; selected_terms=33; linear_correction_bits=14; terms_by_bit=1:1:1:1:1:1:1:1:2:1:1:2:4:5:4:6; linear_factored=1; scheduler=delay_capped; pool_by_bit=small:small:small:small:small:small:small:small:small:wide:wide:wide:wide:small:wide:small; hash_pending=1; exact Python model over 65536 rows; hash=05b6d0aa6991
ex285,ex285_r9_boundary_mask_all_boundary_optfull,Boundary-helper and current-tree exact sources are both valid; changing the output-plane cut may expose a lower ADP shared cone.,,all-boundary cut through opt-full frontend flow,ex285|boundary_helper_output_mask_r9|bits_0_1_2_3_4_5_6_7_8_9_10_11|decision_tree_base_plus_route_decode_helper|yosys_frontend_optfull_aig|official_evaluate|selected_output_planes,student/new_seeds/unknown/ex280_ex299_backend_candidates_20260614_2011/ex285/verilog/ex285_r9_boundary_mask_all_boundary_optfull.v,student/new_seeds/unknown/ex280_ex299_backend_candidates_20260614_2011/ex285/aigs/ex285_r9_boundary_mask_all_boundary_optfull.aig,student/new_seeds/unknown/ex280_ex299_backend_candidates_20260614_2011/ex285/metadata/ex285_r9_boundary_mask_all_boundary_optfull.json,1,1,OK,781,16,12496,5499,2.272413,0,0,frontend_verified,backend_start_diverse_noncurrent,frontend_campaign_shard,student/frontend_campaigns/campaigns/ex204_ex299_frontend_breakthrough_20260614_1051/agent_shards/unknown-hard-r9/candidates.csv,ex204_ex299_frontend_breakthrough_20260614_1051,student/work/ex204_ex299_frontend_breakthrough_20260614_1051/unknown-hard-r9/ex285/verilog/ex285_r9_boundary_mask_all_boundary_optfull.v,student/work/ex204_ex299_frontend_breakthrough_20260614_1051/unknown-hard-r9/ex285/aigs/ex285_r9_boundary_mask_all_boundary_optfull.aig,student/work/ex204_ex299_frontend_breakthrough_20260614_1051/unknown-hard-r9/ex285/logs/ex285_r9_boundary_mask_all_boundary_optfull.evaluate.py.log,68ba9d2c5edc12dadf0a1583f15127066c6fac5108863b2a40de17639ff67c80,ef83ca03eb2d611e656f73c86cbfc607198774d1e42dcaff44d723b2a0c015d2,official OK; improves frontend best
ex286,ex286_linhyb_sweep_raw_5_6_7_8_1_f11_global_abc_g_aig,selective_output_linear_coordinate_hybrid,,sweep_raw_5_6_7_8_1_f11_global/abc_g_aig,ex286|hamming_weight_preserving_lossy_routing_normalizer|selective_output_linear_coordinate_hybrid|sweep_raw_5_6_7_8_1|policy_f11|global_base_bdd|coord_global_bdd|yosys_abc_g_aig|abc_xf_official_evaluate,student/new_seeds/unknown/ex280_ex299_backend_candidates_20260614_2011/ex286/verilog/ex286_linhyb_sweep_raw_5_6_7_8_1_f11_global_abc_g_aig.v,student/new_seeds/unknown/ex280_ex299_backend_candidates_20260614_2011/ex286/aigs/ex286_linhyb_sweep_raw_5_6_7_8_1_f11_global_abc_g_aig.aig,student/new_seeds/unknown/ex280_ex299_backend_candidates_20260614_2011/ex286/metadata/ex286_linhyb_sweep_raw_5_6_7_8_1_f11_global_abc_g_aig.json,1,1,OK,1338,15,20070,2376,8.446970,0,0,frontend_verified,backend_start_diverse_noncurrent,frontend_campaign_shard,student/frontend_campaigns/campaigns/ex286_ex287_frontend_structural_decomp_20260614_2320/agent_shards/coordinator-ex286-linear-hybrid-sweep/evaluation_results.csv,ex286_ex287_frontend_structural_decomp_20260614_2320,student/work/ex286_ex287_frontend_structural_decomp_20260614_2320/coordinator-ex286-linear-hybrid/ex286/verilog/ex286_linhyb_sweep_raw_5_6_7_8_1_f11_global.v,student/work/ex286_ex287_frontend_structural_decomp_20260614_2320/coordinator-ex286-linear-hybrid/ex286/aigs/ex286_linhyb_sweep_raw_5_6_7_8_1_f11_global_abc_g_aig.aig,student/work/ex286_ex287_frontend_structural_decomp_20260614_2320/coordinator-ex286-linear-hybrid/ex286/logs/ex286_linhyb_sweep_raw_5_6_7_8_1_f11_global_abc_g_aig.evaluate.py.log,d8d9ccafdac302bbbd5546415baf97bab634304b77e6a28a50fe34256ebadb37,efd32e3914eeaf61a038b418944ed5ba801b0ed2276b3311ab356954c0806478,selected_bits=5:6:7:8:1;coord_masks=20:40:80:100:2;policy=f11;share=global;base_nodes=551;coord_nodes=370;outer_bits=0:12:1:10
ex287,ex287_orientfollow_k6_b2_b3_f11_case_direct_abc_g_aig,output_image_pair_count_orientation_encoded_symmetry_key_cofactor_bdd,,k6_b2_b3_f11_case_direct/abc_g_aig,ex287|hamming_weight_preserving_lossy_routing_normalizer|output_image_adjacent_pair_count_component_orientation|symmetry_key_k6_b2_b3_f11_case_direct_cofactor_bdd_policy_f11|case_selector|direct_decoder|yosys_abc_g_aig|abc_xf_official_evaluate,student/new_seeds/unknown/ex280_ex299_backend_candidates_20260614_2011/ex287/verilog/ex287_orientfollow_k6_b2_b3_f11_case_direct_abc_g_aig.v,student/new_seeds/unknown/ex280_ex299_backend_candidates_20260614_2011/ex287/aigs/ex287_orientfollow_k6_b2_b3_f11_case_direct_abc_g_aig.aig,student/new_seeds/unknown/ex280_ex299_backend_candidates_20260614_2011/ex287/metadata/ex287_orientfollow_k6_b2_b3_f11_case_direct_abc_g_aig.json,1,1,OK,1593,15,23895,5782,4.132653,0,0,frontend_verified,backend_start_diverse_noncurrent,frontend_campaign_shard,student/frontend_campaigns/campaigns/ex286_ex287_frontend_structural_decomp_20260614_2320/agent_shards/subagent-ex287-orient-followup/evaluation_results.csv,ex286_ex287_frontend_structural_decomp_20260614_2320,student/work/ex286_ex287_frontend_structural_decomp_20260614_2320/subagent-ex287-orient-followup/ex287/verilog/ex287_orientfollow_k6_b2_b3_f11_case_direct.v,student/work/ex286_ex287_frontend_structural_decomp_20260614_2320/subagent-ex287-orient-followup/ex287/aigs/ex287_orientfollow_k6_b2_b3_f11_case_direct_abc_g_aig.aig,student/work/ex286_ex287_frontend_structural_decomp_20260614_2320/subagent-ex287-orient-followup/ex287/logs/ex287_orientfollow_k6_b2_b3_f11_case_direct_abc_g_aig.evaluate.py.log,1b9e7aacb70b4b7dbd2725c172337e2d1c32f9c6d68fffd94419ea25a3797cb5,f621cab228b2a3108c97b79529920b20054effd0bed705d24b5641f051281246,"shared_bdd_nodes=451;encoded_width=15;outer_bits=0:13:1:12:2:3;inner_bits=4:5:6:7:8:9:10:11;order=0:13:1:12:2:11:3:10:4:9:5:8:6:7;policy=f11;selector=case;decoder=direct;pairs=4:5,6:7,8:9;runtime_sec=0.997"
ex288,ex288_keybdd_selected_controlled_routing_abc_g_aig,hamming_weight_preserving_lossy_routing_normalizer,,keybdd_selected_controlled_routing_abc_g_aig,ex288|hamming_weight_preserving_lossy_routing_normalizer|keybdd_selected_controlled_routing_descriptor|shared_pair_canonical_key_group_keybdd_bit7|yosys_abc_g_aig|official_evaluate_py_abc_xf|onehot_group_keybdd_selected_output,student/new_seeds/unknown/ex280_ex299_backend_candidates_20260614_2011/ex288/verilog/ex288_keybdd_selected_controlled_routing_abc_g_aig.v,student/new_seeds/unknown/ex280_ex299_backend_candidates_20260614_2011/ex288/aigs/ex288_keybdd_selected_controlled_routing_abc_g_aig.aig,student/new_seeds/unknown/ex280_ex299_backend_candidates_20260614_2011/ex288/metadata/ex288_keybdd_selected_controlled_routing_abc_g_aig.json,1,1,OK,2257,14,31598,16394,1.927412,0,0,frontend_verified,backend_start_diverse_noncurrent,frontend_campaign_shard,student/frontend_campaigns/campaigns/ex200_ex299_frontend_refgap_round3_20260612_1554/agent_shards/unknown-routing-r3/candidates.csv,ex200_ex299_frontend_refgap_round3_20260612_1554,student/work/ex200_ex299_frontend_refgap_round3_20260612_1554/unknown-routing-r3/ex288/verilog/ex288_unknown_symcof_interleave_f10_k6_onehot_group_keybdd_7.v,student/work/ex200_ex299_frontend_refgap_round3_20260612_1554/unknown-routing-r3/ex288/aigs/ex288_keybdd_selected_controlled_routing_abc_g_aig.aig,student/work/ex200_ex299_frontend_refgap_round3_20260612_1554/unknown-routing-r3/ex288/official_eval/ex288_keybdd_selected_controlled_routing_abc_g_aig/ex288_keybdd_selected_controlled_routing_abc_g_aig.evaluate.py.log,8f9694e588fe5df65e1e870431f75f351e361e11e20d68d0104eb353dfc1d7c1,4129932d8b53cdc221d29c68351952bee3ec0e62bac54cfe9a2c7518d486f637,selected-bit key-BDD controlled-routing descriptor; source=interleave_f10_k6_onehot_group_keybdd_7; not bucket/SOP; not synth-flow-only symcof
ex289,ex289_unknown_duality_symcof_split2_f10_bits_0_1_12_13_onehot_group_xor_abc_g_gates_round2,hamming_weight_preserving_lossy_routing_normalizer,,current_split2_group_xor_abc_g_gates,ex289|hamming_weight_preserving_lossy_routing_normalizer|complement_reverse_split2_group_symcof_resynth|group_bdd_node_sharing_with_existing_xor_wrapper|yosys_abc_g_gates|exact_complement_reverse_duality|duality_wrapped_grouped_outputs,student/new_seeds/unknown/ex280_ex299_backend_candidates_20260614_2011/ex289/verilog/ex289_unknown_duality_symcof_split2_f10_bits_0_1_12_13_onehot_group_xor_abc_g_gates_round2.v,student/new_seeds/unknown/ex280_ex299_backend_candidates_20260614_2011/ex289/aigs/ex289_unknown_duality_symcof_split2_f10_bits_0_1_12_13_onehot_group_xor_abc_g_gates_round2.aig,student/new_seeds/unknown/ex280_ex299_backend_candidates_20260614_2011/ex289/metadata/ex289_unknown_duality_symcof_split2_f10_bits_0_1_12_13_onehot_group_xor_abc_g_gates_round2.json,1,1,OK,1047,19,19893,13620,1.460573,1,0,frontend_verified,backend_start_diverse_noncurrent,frontend_campaign_shard,student/frontend_campaigns/campaigns/ex200_ex299_frontend_refgap_round2_20260612_1512/agent_shards/unknown-gf2-agent/candidates.csv,ex200_ex299_frontend_refgap_round2_20260612_1512,student/work/ex200_ex299_frontend_refgap_round2_20260612_1512/unknown-gf2-agent/ex289/verilog/ex289_unknown_duality_symcof_split2_f10_bits_0_1_12_13_onehot_group_xor_abc_g_gates_round2.v,student/work/ex200_ex299_frontend_refgap_round2_20260612_1512/unknown-gf2-agent/ex289/aigs/ex289_unknown_duality_symcof_split2_f10_bits_0_1_12_13_onehot_group_xor_abc_g_gates_round2.aig,student/work/ex200_ex299_frontend_refgap_round2_20260612_1512/unknown-gf2-agent/ex289/logs/ex289_unknown_duality_symcof_split2_f10_bits_0_1_12_13_onehot_group_xor_abc_g_gates_round2.evaluate.log,7556406f204b62d9fb039414e221857227bac81b49ca8c2b4003c78a26602318,3db4454b2c7f889ceaf93024c906e8f275c97b5f1f631b6f0b0072f3b727da8a,existing compact split2 group-xor source resynthesized with abc_g_gates; official evaluate.py is equivalence source
ex290,ex290_rotate_high_split_default_abc_g_aig,unknown_12x12,unknown_12x12,abc_g_aig,unknown_12x12,student/new_seeds/unknown/ex280_ex299_backend_candidates_20260614_2011/ex290/verilog/ex290_rotate_high_split_default_abc_g_aig.v,student/new_seeds/unknown/ex280_ex299_backend_candidates_20260614_2011/ex290/aigs/ex290_rotate_high_split_default_abc_g_aig.aig,student/new_seeds/unknown/ex280_ex299_backend_candidates_20260614_2011/ex290/metadata/ex290_rotate_high_split_default_abc_g_aig.json,1,1,OK,4428,14,61992,42328,1.464562,1,0,frontend_verified,backend_start_diverse_noncurrent,student_runs,student/runs/unknown/ex290_ex291_ex293_ex296_ex298_frontend_current_synthflow_20260608_1320/results/best.csv,ex290_ex291_ex293_ex296_ex298_frontend_current_synthflow_20260608_1320,student/work/reverse_unknown_20260603_1812/ex290/verilog/ex290_unknown_12x12_rotate_high_split_default.v,student/work/ex290_ex291_ex293_ex296_ex298_frontend_current_synthflow_20260608_1320/ex290/aigs/ex290_rotate_high_split_default_abc_g_aig.aig,,63666c779363be0c2ba62081b65ccc4819d46e8b816fcc5ef50ebe0a82014671,3fcdcbd753ea0e08704284569a8c90884a52541c78a80663d09b51d7deba133b,Yosys abc gate set aig
ex291,ex291_rotate_high_split_default_synth_preset,unknown_13x13,unknown_13x13,synth_preset,unknown_13x13,student/new_seeds/unknown/ex280_ex299_backend_candidates_20260614_2011/ex291/verilog/ex291_rotate_high_split_default_synth_preset.v,student/new_seeds/unknown/ex280_ex299_backend_candidates_20260614_2011/ex291/aigs/ex291_rotate_high_split_default_synth_preset.aig,student/new_seeds/unknown/ex280_ex299_backend_candidates_20260614_2011/ex291/metadata/ex291_rotate_high_split_default_synth_preset.json,1,1,OK,6503,15,97545,66850,1.459162,1,0,frontend_verified,backend_start_diverse_noncurrent,student_runs,student/runs/unknown/ex290_ex291_ex293_ex296_ex298_frontend_current_synthflow_20260608_1320/results/best.csv,ex290_ex291_ex293_ex296_ex298_frontend_current_synthflow_20260608_1320,student/work/reverse_unknown_20260603_1812/ex291/verilog/ex291_unknown_13x13_rotate_high_split_default.v,student/work/ex290_ex291_ex293_ex296_ex298_frontend_current_synthflow_20260608_1320/ex291/aigs/ex291_rotate_high_split_default_synth_preset.aig,,ad46896eef662fcc6de223db3f54f8e3be3f77c474986c3f746c6fe1d52d6da3,cd6cad6e7f755127d121e3196d4c8e2bd17ee9615afb175099e80075fe81dd92,Yosys synth preset with flatten
ex292,ex292_r4_adjacent_mod7_mask_mix,,,multi-source bit-mask RTL,ex292|global_state_output_plane_mix|adjacent_mod7_over_mod4_base|mod4_base_adjacent_mid_pairs_mod7_edge_bits|yosys_internal_abc_g_aig|official_evaluate|mixed_planes_0_2_3_7_10_11_13,student/new_seeds/unknown/ex280_ex299_backend_candidates_20260614_2011/ex292/verilog/ex292_r4_adjacent_mod7_mask_mix.v,student/new_seeds/unknown/ex280_ex299_backend_candidates_20260614_2011/ex292/aigs/ex292_r4_adjacent_mod7_mask_mix.aig,student/new_seeds/unknown/ex280_ex299_backend_candidates_20260614_2011/ex292/metadata/ex292_r4_adjacent_mod7_mask_mix.json,1,1,OK,6760,20,135200,84854,1.593325,0,0,frontend_verified,backend_start_diverse_noncurrent,frontend_campaign_shard,student/frontend_campaigns/campaigns/ex204_ex299_frontend_continuation_20260614_1216/agent_shards/unknown-large-r4/candidates.csv,ex204_ex299_frontend_continuation_20260614_1216,student/work/ex204_ex299_frontend_continuation_20260614_1216/unknown-large-r4/ex292/verilog/ex292_r4_adjacent_mod7_mask_mix.v,student/work/ex204_ex299_frontend_continuation_20260614_1216/unknown-large-r4/ex292/aigs/ex292_r4_adjacent_mod7_mask_mix.aig,student/work/ex204_ex299_frontend_continuation_20260614_1216/unknown-large-r4/ex292/logs/ex292_r4_adjacent_mod7_mask_mix.evaluate.py.log,baaca296b946213535b07a2d09777b9a2ec6982fb06921b4eb6380c2ed29b4b9,6b7aae7c1f5ddfc813bb8840eec8d331e6540177b5b31b96eba0fe49a5c64f61,official frontend improvement versus target snapshot
ex293,ex293_rotate_low_split_default_abc_g_aig,unknown_15x15,unknown_15x15,abc_g_aig,unknown_15x15,student/new_seeds/unknown/ex280_ex299_backend_candidates_20260614_2011/ex293/verilog/ex293_rotate_low_split_default_abc_g_aig.v,student/new_seeds/unknown/ex280_ex299_backend_candidates_20260614_2011/ex293/aigs/ex293_rotate_low_split_default_abc_g_aig.aig,student/new_seeds/unknown/ex280_ex299_backend_candidates_20260614_2011/ex293/metadata/ex293_rotate_low_split_default_abc_g_aig.json,1,1,OK,8122,18,146196,112966,1.294159,1,0,frontend_verified,backend_start_diverse_noncurrent,student_runs,student/runs/unknown/ex290_ex291_ex293_ex296_ex298_frontend_current_synthflow_20260608_1320/results/candidates.csv,ex290_ex291_ex293_ex296_ex298_frontend_current_synthflow_20260608_1320,student/work/reverse_unknown_20260603_1812/ex293/verilog/ex293_unknown_15x15_rotate_low_split_default.v,student/work/ex290_ex291_ex293_ex296_ex298_frontend_current_synthflow_20260608_1320/ex293/aigs/ex293_rotate_low_split_default_abc_g_aig.aig,,890380eecf621184a94b030548e7f3e1e52c4fc835a1c4dc63d425bdb20852ca,22f42ceea2fd5853f39fcf2133320016e4b059ed4000d9a6c0e43dcfcec87ae9,Yosys abc gate set aig
ex294,ex294_r9_current_inline_synth_preset,Removing the direct wrapper around the r8 best flow may expose the octant descriptor top to synth-preset sharing.,,"inline renamed r81 octant descriptor source, synth-preset flow",ex294|global_state_octant_descriptor_cofactor|inline_current_source_flow_probe|direct_renamed_current_source|yosys_synth_flatten_abc_g_aig|official_evaluate|all_outputs,student/new_seeds/unknown/ex280_ex299_backend_candidates_20260614_2011/ex294/verilog/ex294_r9_current_inline_synth_preset.v,student/new_seeds/unknown/ex280_ex299_backend_candidates_20260614_2011/ex294/aigs/ex294_r9_current_inline_synth_preset.aig,student/new_seeds/unknown/ex280_ex299_backend_candidates_20260614_2011/ex294/metadata/ex294_r9_current_inline_synth_preset.json,1,1,OK,10565,21,221865,133365,1.663592,0,0,frontend_verified,backend_start_diverse_noncurrent,frontend_campaign_shard,student/frontend_campaigns/campaigns/ex204_ex299_frontend_breakthrough_20260614_1051/agent_shards/unknown-wide-r9/candidates.csv,ex204_ex299_frontend_breakthrough_20260614_1051,student/work/ex204_ex299_frontend_breakthrough_20260614_1051/unknown-wide-r9/ex294/verilog/ex294_r9_current_inline_synth_preset.v,student/work/ex204_ex299_frontend_breakthrough_20260614_1051/unknown-wide-r9/ex294/aigs/ex294_r9_current_inline_synth_preset.aig,student/work/ex204_ex299_frontend_breakthrough_20260614_1051/unknown-wide-r9/ex294/logs/ex294_r9_current_inline_synth_preset.evaluate.py.log,6a20aa66d9926bc9c3dddd35678bf65e709d86b12c728d593ee73182a4bccde8,dd4fb397d35913527100f29a0b2963755558dac139680a35c773741596ec1690,frontend_only; no backend/remap/postpareto; baseline_frontend_adp=220437; current_overall_adp=165570
ex295,ex295_r67_cell_value_cube_defaults_abc_g_aig,cyclic 2-bit-symbol source factoring over current symbol-plane split,,cell_value_cube_defaults,ex295|cyclic_2bit_symbol_source_factoring|cell_value_cube_defaults|shared_selector_inner_wildcard_cubes|yosys_internal_abc_g_aig|official_truth_exact_partition|2bit_cell_grouped_outputs,student/new_seeds/unknown/ex280_ex299_backend_candidates_20260614_2011/ex295/verilog/ex295_r67_cell_value_cube_defaults_abc_g_aig.v,student/new_seeds/unknown/ex280_ex299_backend_candidates_20260614_2011/ex295/aigs/ex295_r67_cell_value_cube_defaults_abc_g_aig.aig,student/new_seeds/unknown/ex280_ex299_backend_candidates_20260614_2011/ex295/metadata/ex295_r67_cell_value_cube_defaults_abc_g_aig.json,1,1,OK,7526,14,105364,68064,1.548014,0,0,frontend_verified,backend_start_diverse_noncurrent,frontend_campaign_shard,student/frontend_campaigns/campaigns/frontend_source_parallel_round67_20260613_1104/agent_shards/sub-unk-mid-r67/candidates.csv,frontend_source_parallel_round67_20260613_1104,student/work/frontend_source_parallel_round67_20260613_1104/sub-unk-mid-r67/ex295/verilog/ex295_r67_cell_value_cube_defaults_abc_g_aig.v,student/work/frontend_source_parallel_round67_20260613_1104/sub-unk-mid-r67/ex295/aigs/ex295_r67_cell_value_cube_defaults_abc_g_aig.aig,student/work/frontend_source_parallel_round67_20260613_1104/sub-unk-mid-r67/ex295/logs/ex295_r67_cell_value_cube_defaults_abc_g_aig.evaluate.py.log,6b4c29e0298f2e9f7253a907ed0227ee5b95a052cea6b054985a8ec8c7eb69e6,32a57630ecea00f58bb800144a30fb5e717cac1c036214f5075ff1d3cc2c36fa,"exact Python model over 4096 rows; synth_sec=7.785; eval_sec=0.240; {""line_count"": 6163, ""max_cubes_per_function"": 13, ""nonempty_functions"": 1134, ""total_cubes"": 5956, ""variant"": ""cell_value_cube_defaults""}"
ex296,ex296_high_split_default_abc_g_gates,unknown_13x13,unknown_13x13,abc_g_gates,unknown_13x13,student/new_seeds/unknown/ex280_ex299_backend_candidates_20260614_2011/ex296/verilog/ex296_high_split_default_abc_g_gates.v,student/new_seeds/unknown/ex280_ex299_backend_candidates_20260614_2011/ex296/aigs/ex296_high_split_default_abc_g_gates.aig,student/new_seeds/unknown/ex280_ex299_backend_candidates_20260614_2011/ex296/metadata/ex296_high_split_default_abc_g_gates.json,1,1,OK,8984,17,152728,104025,1.468186,1,0,frontend_verified,backend_start_diverse_noncurrent,student_runs,student/runs/unknown/ex290_ex291_ex293_ex296_ex298_frontend_current_synthflow_20260608_1320/results/candidates.csv,ex290_ex291_ex293_ex296_ex298_frontend_current_synthflow_20260608_1320,student/work/reverse_unknown_20260603_1812/ex296/verilog/ex296_unknown_13x13_high_split_default.v,student/work/ex290_ex291_ex293_ex296_ex298_frontend_current_synthflow_20260608_1320/ex296/aigs/ex296_high_split_default_abc_g_gates.aig,,7e4a0aa111af4f88da3ad6672850897515b54b5c695530c1967a5a898f32b5d2,2bb60c624271ab15c7425aefa2138f549388a95f6e76ec853aee00b2333cc91e,Yosys abc gate set gates
ex297,ex297_r73_pairsel_cell_bit_template,cyclic 2-bit selector-state paired class template,,paired selector classes and multi-output cell templates,ex297|cyclic_2bit_selector_state_paired_classes|pairsel_cell_bit_template|cell_default_and_bit_default_templates_selected_by_selector_pair_xor|yosys_internal_abc_g_aig|official_evaluate|cell_pair_outputs,student/new_seeds/unknown/ex280_ex299_backend_candidates_20260614_2011/ex297/verilog/ex297_r73_pairsel_cell_bit_template.v,student/new_seeds/unknown/ex280_ex299_backend_candidates_20260614_2011/ex297/aigs/ex297_r73_pairsel_cell_bit_template.aig,student/new_seeds/unknown/ex280_ex299_backend_candidates_20260614_2011/ex297/metadata/ex297_r73_pairsel_cell_bit_template.json,1,1,OK,26564,16,425024,225900,1.881470,0,0,frontend_verified,backend_start_diverse_noncurrent,frontend_campaign_shard,student/frontend_campaigns/campaigns/frontend_source_parallel_round73_20260613_1414/agent_shards/sub-unknown-state-r73/candidates.csv,frontend_source_parallel_round73_20260613_1414,student/work/frontend_source_parallel_round73_20260613_1414/sub-unknown-state-r73/ex297/verilog/ex297_r73_pairsel_cell_bit_template.v,student/work/frontend_source_parallel_round73_20260613_1414/sub-unknown-state-r73/ex297/aigs/ex297_r73_pairsel_cell_bit_template.aig,student/work/frontend_source_parallel_round73_20260613_1414/sub-unknown-state-r73/ex297/logs/ex297_r73_pairsel_cell_bit_template.evaluate.py.log,28a7cea0a617a85598d4c3a505800047be10d87572d1fefa98d2eff123f6946c,96895ba8c89989037c52060283fb9214084810d0f8686b083d4769d7dedcf992,Exact because both templates are full-word exact; differs from r71 sel==0 and r72 single-lane replacement.
ex298,ex298_rotate_high_split_default_synth_preset,unknown_15x15,unknown_15x15,synth_preset,unknown_15x15,student/new_seeds/unknown/ex280_ex299_backend_candidates_20260614_2011/ex298/verilog/ex298_rotate_high_split_default_synth_preset.v,student/new_seeds/unknown/ex280_ex299_backend_candidates_20260614_2011/ex298/aigs/ex298_rotate_high_split_default_synth_preset.aig,student/new_seeds/unknown/ex280_ex299_backend_candidates_20260614_2011/ex298/metadata/ex298_rotate_high_split_default_synth_preset.json,1,1,OK,33981,19,645639,442296,1.459744,1,0,frontend_verified,backend_start_diverse_noncurrent,student_runs,student/runs/unknown/ex290_ex291_ex293_ex296_ex298_frontend_current_synthflow_20260608_1320/results/best.csv,ex290_ex291_ex293_ex296_ex298_frontend_current_synthflow_20260608_1320,student/work/reverse_unknown_20260603_1812/ex298/verilog/ex298_unknown_15x15_rotate_high_split_default.v,student/work/ex290_ex291_ex293_ex296_ex298_frontend_current_synthflow_20260608_1320/ex298/aigs/ex298_rotate_high_split_default_synth_preset.aig,,28279a742e2d027b0a326d0bf94ca3544f3c5553d352023a1c42b30e0c17ef18,60120ca0009447b29a72ce0fc06c0b6678269aebaf49b840c28f32cb2871162d,Yosys synth preset with flatten
ex299,ex299_r9_casez_full_parallel_synth_preset,casez plus full/parallel decode attributes may compress nested celllocal selector tables under synth-preset.,,"casez full_case parallel_case on nested celllocal tables, synth-preset",ex299|cyclic_2bit_selector_cluster_current_source|casez_full_parallel_synth_preset|sel2_pairsel_celllocal_case_boundary_attrs|yosys_synth_flatten_abc_g_aig|official_evaluate|cell_pair_outputs,student/new_seeds/unknown/ex280_ex299_backend_candidates_20260614_2011/ex299/verilog/ex299_r9_casez_full_parallel_synth_preset.v,student/new_seeds/unknown/ex280_ex299_backend_candidates_20260614_2011/ex299/aigs/ex299_r9_casez_full_parallel_synth_preset.aig,student/new_seeds/unknown/ex280_ex299_backend_candidates_20260614_2011/ex299/metadata/ex299_r9_casez_full_parallel_synth_preset.json,1,1,OK,96509,18,1737162,1013807,1.713504,0,0,frontend_verified,backend_start_diverse_noncurrent,frontend_campaign_shard,student/frontend_campaigns/campaigns/ex204_ex299_frontend_breakthrough_20260614_1051/agent_shards/unknown-wide-r9/candidates.csv,ex204_ex299_frontend_breakthrough_20260614_1051,student/work/ex204_ex299_frontend_breakthrough_20260614_1051/unknown-wide-r9/ex299/verilog/ex299_r9_casez_full_parallel_synth_preset.v,student/work/ex204_ex299_frontend_breakthrough_20260614_1051/unknown-wide-r9/ex299/aigs/ex299_r9_casez_full_parallel_synth_preset.aig,student/work/ex204_ex299_frontend_breakthrough_20260614_1051/unknown-wide-r9/ex299/logs/ex299_r9_casez_full_parallel_synth_preset.evaluate.py.log,5a1d4163c54e5e063680bffbf1f35171c93b98b89cfc4d2c5d6c41aecb7b63fd,f6ec13b05ff42d0593d8b4ff288dda72f21b6f8c9a8cfa55724a93a48a010d89,frontend_only; no backend/remap/postpareto; baseline_frontend_adp=1774260; current_overall_adp=1774260
